Audible_Title,Audible_Author,Goodreads_Link
The Authenticity Project,Clare Pooley,https://www.goodreads.com/book/show/55789067-the-authenticity-project?from_search=true&from_srp=true&qid=KI07BV7RXl&rank=1
A Single Thread,Tracy Chevalier,https://www.goodreads.com/book/show/43943459-a-single-thread?from_search=true&from_srp=true&qid=Baqj1TsSsY&rank=1
Sparks Like Stars,Nadia Hashimi,https://www.goodreads.com/book/show/53746807-sparks-like-stars?from_search=true&from_srp=true&qid=fTMoEfBJup&rank=1
Interior Chinatown,Charles Yu,https://www.goodreads.com/book/show/44436221-interior-chinatown?from_search=true&from_srp=true&qid=MkY2DeDhMs&rank=1
A Summer in Sonoma,Robyn Carr,https://www.goodreads.com/book/show/7624133-a-summer-in-sonoma?from_search=true&from_srp=true&qid=D0ymhQyJhG&rank=1
Plain Bad Heroines,Emily M. Danforth,https://www.goodreads.com/book/show/50496875-plain-bad-heroines?from_search=true&from_srp=true&qid=ibiCqnGY1c&rank=1
The Ex Talk,Rachel Lynn Solomon,https://www.goodreads.com/book/show/53415121-the-ex-talk?from_search=true&from_srp=true&qid=ZQMig1xNpj&rank=1
Devils,Fyodor Dostoevsky,https://www.goodreads.com/book/show/3090348-devils?from_search=true&from_srp=true&qid=QcIOWH1UkL&rank=2
Tai-Pan,James Clavell,https://www.goodreads.com/book/show/42933.Tai_Pan?from_search=true&from_srp=true&qid=qYOfk2pQMC&rank=3
The Lost Orphan,Stacey Halls,https://www.goodreads.com/book/show/45422548-the-lost-orphan?from_search=true&from_srp=true&qid=WUXmbmxRsv&rank=1
Roommates Wanted,Lisa Jewell,https://www.goodreads.com/book/show/1549933.Roommates_Wanted?from_search=true&from_srp=true&qid=wRMbuHxvdr&rank=1
The Unexpected Inheritance of Inspector Chopra,Vaseem Khan,https://www.goodreads.com/book/show/24717411-the-unexpected-inheritance-of-inspector-chopra?from_search=true&from_srp=true&qid=FmvyCmOylE&rank=1
Meet Me at the Cupcake Cafe,Jenny Colgan,https://www.goodreads.com/book/show/10134852-meet-me-at-the-cupcake-caf?from_search=true&from_srp=true&qid=6yPZUXuUef&rank=1
The Prophets,Robert Jones Jr.,https://www.goodreads.com/book/show/52576333-the-prophets?from_search=true&from_srp=true&qid=8CAgyqMBW2&rank=1
Galapagos,Kurt Vonnegut,https://www.goodreads.com/book/show/9934441-galapagos?from_search=true&from_srp=true&qid=JmvaaSU2yT&rank=3
Summer Island,Kristin Hannah,https://www.goodreads.com/book/show/40389026-summer-island?from_search=true&from_srp=true&qid=bSboyMhIo9&rank=1
Robinson Crusoe,Daniel Defoe,https://www.goodreads.com/book/show/2932.Robinson_Crusoe?from_search=true&from_srp=true&qid=RECLzHrfSI&rank=16
Slay,Brittney Morris,https://www.goodreads.com/book/show/43723509-slay?from_search=true&from_srp=true&qid=3igrAD36bh&rank=1
No One Is Talking About This,Patricia Lockwood,https://www.goodreads.com/book/show/53733106-no-one-is-talking-about-this?from_search=true&from_srp=true&qid=jv1KbdUeaU&rank=1
Great Expectations,Charles Dickens,https://www.goodreads.com/book/show/1781022.Great_Expectations_by_Charles_Dickens_Fiction_Classics?from_search=true&from_srp=true&qid=ubinUTFTRo&rank=4
The Best of Us,Robyn Carr,https://www.goodreads.com/book/show/40244951-the-best-of-us?from_search=true&from_srp=true&qid=viT8NFDXGO&rank=1
The Incredible Winston Browne,Sean Dietrich,https://www.goodreads.com/book/show/52610674-the-incredible-winston-browne?from_search=true&from_srp=true&qid=eoxyk4TZPd&rank=1
Summer by the Sea,Susan Wiggs,https://www.goodreads.com/book/show/120069.Summer_by_the_Sea?from_search=true&from_srp=true&qid=qA3b1MSUxK&rank=2
My Year Abroad,Chang-rae Lee,https://www.goodreads.com/book/show/55333981-my-year-abroad?from_search=true&from_srp=true&qid=uYPNeaBWMJ&rank=1
One Tuesday Morning,Karen Kingsbury,https://www.goodreads.com/book/show/97862.One_Tuesday_Morning?from_search=true&from_srp=true&qid=ghZLsdKjYo&rank=1
The Restoration of Celia Fairchild,Marie Bostwick,https://www.goodreads.com/book/show/53914958-the-restoration-of-celia-fairchild?from_search=true&from_srp=true&qid=QDu8c2Rtuk&rank=1
Mind Tryst,Robyn Carr,https://www.goodreads.com/book/show/19241348-mind-tryst?from_search=true&from_srp=true&qid=eyP1D7b32e&rank=1
The Girl in the Garden,Kamala Nair,https://www.goodreads.com/book/show/9632886-the-girl-in-the-garden?from_search=true&from_srp=true&qid=Z7dMvH0NoV&rank=1
The Picture of Dorian Gray,Oscar Wilde,https://www.goodreads.com/book/show/58207214-the-picture-of-dorian-gray-by-oscar-wilde?from_search=true&from_srp=true&qid=xctGfDiNUn&rank=12
Lunch with Buddha,Roland Merullo,https://www.goodreads.com/book/show/16069313-lunch-with-buddha?from_search=true&from_srp=true&qid=cDlxV3ltP9&rank=1
Little Women,Louisa May Alcott,https://www.goodreads.com/book/show/2743418-little-women-louisa-may-alcott?from_search=true&from_srp=true&qid=l4tJmfZu2l&rank=5
The Mistress,Danielle Steel,https://www.goodreads.com/book/show/29974914-the-mistress?from_search=true&from_srp=true&qid=LuuUE8xcGf&rank=1
Utopia Avenue,David Mitchell,https://www.goodreads.com/book/show/52597312-utopia-avenue?from_search=true&from_srp=true&qid=lVMkJvnup9&rank=1
"God, No!",Penn Jillette,https://www.goodreads.com/book/show/8495145-god-no-signs-you-may-already-be-an-atheist-and-other-magical-tales?from_search=true&from_srp=true&qid=guIdtkINGs&rank=1
Say Goodbye for Now,Catherine Ryan Hyde,https://www.goodreads.com/book/show/30184217-say-goodbye-for-now?from_search=true&from_srp=true&qid=dklHVqVqlr&rank=1
Plainsong,Kent Haruf,https://www.goodreads.com/book/show/77156.Plainsong?from_search=true&from_srp=true&qid=RKEGD9gLra&rank=3
The Prisoner's Wife,Maggie Brookes,https://www.goodreads.com/book/show/50368444-the-prisoner-s-wife?from_search=true&from_srp=true&qid=1UXvw8hhyQ&rank=1
The Bitter and Sweet of Cherry Season,Molly Fader,https://www.goodreads.com/book/show/49978131-the-bitter-and-sweet-of-cherry-season?from_search=true&from_srp=true&qid=Hy8Lpr6tiA&rank=1
Sunrise by the Sea,Jenny Colgan,https://www.goodreads.com/book/show/55276595-sunrise-by-the-sea?from_search=true&from_srp=true&qid=SY8sx5uCAa&rank=1
On the Beach,Nevil Shute,https://www.goodreads.com/book/show/38180.On_the_Beach?from_search=true&from_srp=true&qid=RlCaJjtx3z&rank=2
We Run the Tides,Vendela Vida,https://www.goodreads.com/book/show/53402121-we-run-the-tides?from_search=true&from_srp=true&qid=71BI3zgpkr&rank=1
Dancing at the Rascal Fair,Ivan Doig,https://www.goodreads.com/book/show/122311.Dancing_at_the_Rascal_Fair?from_search=true&from_srp=true&qid=4hsdiuhnIG&rank=2
A Dog's Way Home,W. Bruce Cameron,https://www.goodreads.com/book/show/35130968-a-dog-s-way-home?from_search=true&from_srp=true&qid=qCQzLY7Wfu&rank=3
Killing Rommel,Steven Pressfield,https://www.goodreads.com/book/show/1536419.Killing_Rommel?from_search=true&from_srp=true&qid=m7MMgmVly2&rank=1
Nocturnes,Kazuo Ishiguro,https://www.goodreads.com/book/show/4772110-nocturnes?from_search=true&from_srp=true&qid=PHm65MvKXL&rank=1
The Railway Children,E. Nesbit,https://www.goodreads.com/book/show/164531.The_Railway_Children?from_search=true&from_srp=true&qid=imtAdfHNhv&rank=1
Falling Home,Karen White,https://www.goodreads.com/book/show/9954179-falling-home?from_search=true&from_srp=true&qid=6J9TUGMd3h&rank=1
Musical Chairs,Amy Poeppel,https://www.goodreads.com/book/show/52753733-musical-chairs?from_search=true&from_srp=true&qid=EOQhpo3dLl&rank=1
And They Called It Camelot,Stephanie Marie Thornton,https://www.goodreads.com/book/show/52198084-and-they-called-it-camelot?from_search=true&from_srp=true&qid=MZuDARBmdL&rank=1
The Memory Collectors,Kim Neville,https://www.goodreads.com/book/show/54303938-the-memory-collectors?from_search=true&from_srp=true&qid=JoiEM57S76&rank=1
The Removed,Brandon Hobson,https://www.goodreads.com/book/show/53441181-the-removed?from_search=true&from_srp=true&qid=0ahU2Hew73&rank=1
Silent Night,Danielle Steel,https://www.goodreads.com/book/show/40655468-silent-night?from_search=true&from_srp=true&qid=C7ytTStWjF&rank=1
True Devotion,Dee Henderson,https://www.goodreads.com/book/show/359455.True_Devotion?from_search=true&from_srp=true&qid=Ilyub3zqkB&rank=1
Maggie,Charles Martin,https://www.goodreads.com/book/show/129562.Maggie?from_search=true&from_srp=true&qid=jPD0dGZxQ4&rank=1
Mutant Message Down Under,Marlo Morgan,https://www.goodreads.com/book/show/32349.Mutant_Message_Down_Under?from_search=true&from_srp=true&qid=WAzX5ZJUh3&rank=2
Meg and Jo,Virginia Kantra,https://www.goodreads.com/book/show/45899334-meg-and-jo?from_search=true&from_srp=true&qid=aPwdNO7F1j&rank=1
"Dear Haiti, Love Alaine","Maika Moulite, Maritza Moulite",https://www.goodreads.com/book/show/41861731-dear-haiti-love-alaine?from_search=true&from_srp=true&qid=5IJDZB7BsZ&rank=1
Saving Ruby King,Catherine Adel West,https://www.goodreads.com/book/show/44131181-saving-ruby-king?from_search=true&from_srp=true&qid=RIFkYkI4ev&rank=1
The Secrets of Love Story Bridge,Phaedra Patrick,https://www.goodreads.com/book/show/45422563-the-secrets-of-love-story-bridge?from_search=true&from_srp=true&qid=igf1tlkAS8&rank=1
The Other Windsor Girl,Georgie Blalock,https://www.goodreads.com/book/show/43884183-the-other-windsor-girl?from_search=true&from_srp=true&qid=y283elsYaT&rank=1
Ellie and the Harpmaker,Hazel Prior,https://www.goodreads.com/book/show/40611133-ellie-and-the-harpmaker?from_search=true&from_srp=true&qid=MuRPLPwdpt&rank=1
Dark Horses,Susan Mihalic,https://www.goodreads.com/book/show/50892208-dark-horses?from_search=true&from_srp=true&qid=bC6zo22Iet&rank=1
I Was Told It Would Get Easier,Abbi Waxman,https://www.goodreads.com/book/show/49348458-i-was-told-it-would-get-easier?from_search=true&from_srp=true&qid=EIXAcO3tVt&rank=1
"Black Girl, Call Home",Jasmine Mans,https://www.goodreads.com/book/show/54359466-black-girl-call-home?from_search=true&from_srp=true&qid=OcLG77mn3T&rank=1
The Silent Treatment,Abbie Greaves,https://www.goodreads.com/book/show/51194669-the-silent-treatment?from_search=true&from_srp=true&qid=hPCNtqNoel&rank=1
"White Rose, Black Forest",Eoin Dempsey,https://www.goodreads.com/book/show/35889209-white-rose-black-forest?from_search=true&from_srp=true&qid=rG9CNdZA5P&rank=1
Fake Accounts,Lauren Oyler,https://www.goodreads.com/book/show/45732027-fake-accounts?from_search=true&from_srp=true&qid=gIdfIKN2Jr&rank=1
Anne of Green Gables,L.M. Montgomery,https://www.goodreads.com/book/show/8127.Anne_of_Green_Gables?from_search=true&from_srp=true&qid=vx3f8DgrJq&rank=1
The Good Soldier,Ford Madox Ford,https://www.goodreads.com/book/show/54641142-the-good-soldier-by-ford-madox-ford-the-fully-updated-annotated-edition?from_search=true&from_srp=true&qid=Fb1ulFWH3D&rank=13
The Jam and Jelly Nook,Amy Clipston,https://www.goodreads.com/book/show/54287614-the-jam-and-jelly-nook?from_search=true&from_srp=true&qid=gqm0EqXpXX&rank=1
The Unbreakables,Lisa Barr,https://www.goodreads.com/book/show/40535998-the-unbreakables?from_search=true&from_srp=true&qid=BNB3lwt8Np&rank=1
The Rock Hole,Reavis Z. Wortham,https://www.goodreads.com/book/show/51162559-the-rock-hole?from_search=true&from_srp=true&qid=6ocvq52UQV&rank=1
Your House Will Pay,Steph Cha,https://www.goodreads.com/book/show/43615778-your-house-will-pay?from_search=true&from_srp=true&qid=9u0OHSQIh5&rank=1
Of Literature and Lattes,Katherine Reay,https://www.goodreads.com/book/show/50162082-of-literature-and-lattes?from_search=true&from_srp=true&qid=nGzCgcB7LY&rank=1
Sophomores,Sean Desmond,https://www.goodreads.com/book/show/53330116-sophomores?from_search=true&from_srp=true&qid=bBNSLhpirK&rank=1
The Charmed Wife,Olga Grushin,https://www.goodreads.com/book/show/53231973-the-charmed-wife?from_search=true&from_srp=true&qid=lL8kCgsJKI&rank=1
Under the Rainbow,Celia Laskey,https://www.goodreads.com/book/show/51846014-under-the-rainbow?from_search=true&from_srp=true&qid=NPxp5B151Q&rank=1
The Unraveling of Cassidy Holmes,Elissa R. Sloan,https://www.goodreads.com/book/show/52163643-the-unraveling-of-cassidy-holmes?from_search=true&from_srp=true&qid=RWuSYfbZt1&rank=1
Sad Janet,Lucie Britsch,https://www.goodreads.com/book/show/48890204-sad-janet?from_search=true&from_srp=true&qid=0AiGFQ1tcQ&rank=1
The Orchard,David Hopen,https://www.goodreads.com/book/show/51475363-the-orchard?from_search=true&from_srp=true&qid=ESLUCfTjEh&rank=1
Cantoras,Carolina De Robertis,https://www.goodreads.com/book/show/43289181-cantoras?from_search=true&from_srp=true&qid=H7A4YlMN7G&rank=1
The Innocents,Michael Crummey,https://www.goodreads.com/book/show/44540158-the-innocents?from_search=true&from_srp=true&qid=hv2f1v5f3a&rank=1
The Swallows,Lisa Lutz,https://www.goodreads.com/book/show/43744294-the-swallows?from_search=true&from_srp=true&qid=7sNmkI9IPJ&rank=1
Cold Fire,Dean Koontz,https://www.goodreads.com/book/show/32442.Cold_Fire?from_search=true&from_srp=true&qid=v3RAdcbBxm&rank=3
Darkfall,Dean Koontz,https://www.goodreads.com/book/show/32456.Darkfall?from_search=true&from_srp=true&qid=JoItdf5J9C&rank=1
The End of Her,Shari Lapena,https://www.goodreads.com/book/show/49098281-the-end-of-her?from_search=true&from_srp=true&qid=AA2BTwH8IF&rank=1
Blood Hollow,William Kent Krueger,https://www.goodreads.com/book/show/211161.Blood_Hollow?from_search=true&from_srp=true&qid=bcu1vaPCcf&rank=2
The Other Side of Midnight,Simone St. James,https://www.goodreads.com/book/show/22467404-the-other-side-of-midnight?from_search=true&from_srp=true&qid=YT6OcPCT94&rank=1
Cause of Death,Patricia Cornwell,https://www.goodreads.com/book/show/6541.Cause_of_Death?from_search=true&from_srp=true&qid=OTlfBdyWXw&rank=1
For the Love of Mike,Rhys Bowen,https://www.goodreads.com/book/show/383513.For_the_Love_of_Mike?from_search=true&from_srp=true&qid=ShruNLbiaP&rank=1
Brownies and Broomsticks,Bailey Cates,https://www.goodreads.com/book/show/12035966-brownies-and-broomsticks?from_search=true&from_srp=true&qid=6ZHdttzFFk&rank=1
Fast Track,Julie Garwood,https://www.goodreads.com/book/show/18693854-fast-track?from_search=true&from_srp=true&qid=bp30tTZoKy&rank=1
No Fortunate Son,Brad Taylor,https://www.goodreads.com/book/show/22522168-no-fortunate-son?from_search=true&from_srp=true&qid=mnVq3KKgFf&rank=2
The Passengers,John Marrs,https://www.goodreads.com/book/show/40718386-the-passengers?from_search=true&from_srp=true&qid=M6DnZJgduD&rank=1
Haunted House,J.A. Konrath,https://www.goodreads.com/book/show/41955498-haunted-house?from_search=true&from_srp=true&qid=plBkBi2RW9&rank=3
Pride and Premeditation,Tirzah Price,https://www.goodreads.com/book/show/53914898-pride-and-premeditation?from_search=true&from_srp=true&qid=stqFlgEtVE&rank=1
The Secret of Chimneys & A Murder Is Announced,Agatha Christie,https://www.goodreads.com/book/show/16361.The_Secret_of_Chimneys?from_search=true&from_srp=true&qid=zxzEqtQ8Qe&rank=1
Three Missing Days,Colleen Coble,https://www.goodreads.com/book/show/54287700-three-missing-days?from_search=true&from_srp=true&qid=F6W1LbulZZ&rank=1
"Bruno, Chief of Police",Martin Walker,https://www.goodreads.com/book/show/3265305-bruno-chief-of-police?from_search=true&from_srp=true&qid=tVJHM1Yslm&rank=2
Enemy of Mine,Brad Taylor,https://www.goodreads.com/book/show/15806961-enemy-of-mine?from_search=true&from_srp=true&qid=8fPbXPeESO&rank=1
Sanibel Flats,Randy White,https://www.goodreads.com/book/show/93812.Sanibel_Flats?from_search=true&from_srp=true&qid=7dXbq8fhbo&rank=2
Sleeping with Strangers,Eric Jerome Dickey,https://www.goodreads.com/book/show/181404.Sleeping_with_Strangers?from_search=true&from_srp=true&qid=XS0KEBUOVN&rank=1
The Reef,Nora Roberts,https://www.goodreads.com/book/show/114143.The_Reef?from_search=true&from_srp=true&qid=H55mce3drU&rank=2
The Ideal Man,Julie Garwood,https://www.goodreads.com/book/show/9647908-the-ideal-man?from_search=true&from_srp=true&qid=epDiequwg1&rank=1
Mrs. Pollifax on the China Station,Dorothy Gilman,https://www.goodreads.com/book/show/149426.Mrs_Pollifax_on_the_China_Station?from_search=true&from_srp=true&qid=zCQ0EkdDTN&rank=1
Their Last Secret,Rick Mofina,https://www.goodreads.com/book/show/49093787-their-last-secret?from_search=true&from_srp=true&qid=hf10h66ePK&rank=1
The Woman I Was Before,Kerry Fisher,https://www.goodreads.com/book/show/43353827-the-woman-i-was-before?from_search=true&from_srp=true&qid=ZgcdjEfql0&rank=1
Don't Even Breathe,Keith Houghton,https://www.goodreads.com/book/show/49958807-don-t-even-breathe?from_search=true&from_srp=true&qid=vtVZiR9Flz&rank=1
The Third to Die,Allison Brennan,https://www.goodreads.com/book/show/46039026-the-third-to-die?from_search=true&from_srp=true&qid=jH4eVpqPVf&rank=1
Tonight I Said Goodbye,Michael Koryta,https://www.goodreads.com/book/show/424644.Tonight_I_Said_Goodbye?from_search=true&from_srp=true&qid=nvusuvVjyf&rank=1
The Summer House,"James Patterson, Brendan DuBois",https://www.goodreads.com/book/show/52588702-the-summer-house?from_search=true&from_srp=true&qid=LF6gXsHYzb&rank=1
Amid the Shadows,Michael C. Grumley,https://www.goodreads.com/book/show/22844518-amid-the-shadows?from_search=true&from_srp=true&qid=zUO0SjglB0&rank=1
Fortune Furlough,Jana DeLeon,https://www.goodreads.com/book/show/57351862-fortune-furlough?from_search=true&from_srp=true&qid=IaQxQCQVGw&rank=2
Rock Chick,Kristen Ashley,https://www.goodreads.com/book/show/6538757-rock-chick?from_search=true&from_srp=true&qid=h0rVhgIDzF&rank=1
A Case of Need,"Michael Crichton, Jeffery Hudson",https://www.goodreads.com/book/show/7663.A_Case_of_Need?from_search=true&from_srp=true&qid=2YyKqhXm3J&rank=1
Hunterâ€™s Way,Gerri Hill,https://www.goodreads.com/book/show/1125294.Hunter_s_Way?from_search=true&from_srp=true&qid=ahV7LwFUW4&rank=1
A Crooked Tree,Una Mannion,https://www.goodreads.com/book/show/54236137-a-crooked-tree?from_search=true&from_srp=true&qid=RBpoQnBNeY&rank=1
You Belong to Me,Karen Rose,https://www.goodreads.com/book/show/8697191-you-belong-to-me?from_search=true&from_srp=true&qid=BTcaE70rh5&rank=1
Shiver,Allie Reynolds,https://www.goodreads.com/book/show/55707640-shiver?from_search=true&from_srp=true&qid=MbHmNiCJyK&rank=1
The Deep,Alma Katsu,https://www.goodreads.com/book/show/46158562-the-deep?from_search=true&from_srp=true&qid=lNbET68EBD&rank=1
Island of the Mad,Laurie R. King,https://www.goodreads.com/book/show/36296239-island-of-the-mad?from_search=true&from_srp=true&qid=HLtD3sFPQl&rank=1
The Last to See Her,Courtney Evan Tate,https://www.goodreads.com/book/show/45422551-the-last-to-see-her?from_search=true&from_srp=true&qid=e1lUf0j9Pr&rank=1
Cold Harbor,Matthew FitzSimmons,https://www.goodreads.com/book/show/31697706-cold-harbor?from_search=true&from_srp=true&qid=rWffSdfwvd&rank=1
A Deadly Distance,L.T. Ryan,https://www.goodreads.com/book/show/30359750-a-deadly-distance?from_search=true&from_srp=true&qid=IyoWwCBq34&rank=1
The Bodies in the Library,Marty Wingate,https://www.goodreads.com/book/show/45141896-the-bodies-in-the-library?from_search=true&from_srp=true&qid=Ov60EvjqT2&rank=1
Blink of an Eye,"Roy Johansen, Iris Johansen",https://www.goodreads.com/book/show/53916166-blink-of-an-eye?from_search=true&from_srp=true&qid=0pRNIT9bOJ&rank=1
None Shall Sleep,Ellie Marney,https://www.goodreads.com/book/show/50358134-none-shall-sleep?from_search=true&from_srp=true&qid=Cus3Wfx6oU&rank=1
A Madness of Sunshine,Nalini Singh,https://www.goodreads.com/book/show/44525771-a-madness-of-sunshine?from_search=true&from_srp=true&qid=WyNYUITgcD&rank=1
First Cut,"Judy Melinek, T.J. Mitchell",https://www.goodreads.com/book/show/43986727-first-cut?from_search=true&from_srp=true&qid=KACUZZRP3m&rank=1
Do No Harm,Christina McDonald,https://www.goodreads.com/book/show/54304103-do-no-harm?from_search=true&from_srp=true&qid=nrcQGWfHRD&rank=1
The Glass Woman,Caroline Lea,https://www.goodreads.com/book/show/40917716-the-glass-woman?from_search=true&from_srp=true&qid=UmDi8N6Xhd&rank=1
A Test of Wills,Charles Todd,https://www.goodreads.com/book/show/129561.A_Test_of_Wills?from_search=true&from_srp=true&qid=mWl98IpDMZ&rank=1
Salvation Day,Kali Wallace,https://www.goodreads.com/book/show/39918548-salvation-day?from_search=true&from_srp=true&qid=jescMDyOwF&rank=1
The Punch Escrow,Tal M. Klein,https://www.goodreads.com/book/show/32446949-the-punch-escrow?from_search=true&from_srp=true&qid=CD7giILtRk&rank=1
The Favorite Daughter,Kaira Rouda,https://www.goodreads.com/book/show/39973248-the-favorite-daughter?from_search=true&from_srp=true&qid=y076wIucFO&rank=1
The Prized Girl,Amy K. Green,https://www.goodreads.com/book/show/43913930-the-prized-girl?from_search=true&from_srp=true&qid=CV3Bv4I3HX&rank=1
Bad Monkeys,Matt Ruff,https://www.goodreads.com/book/show/71845.Bad_Monkeys?from_search=true&from_srp=true&qid=bBUJAnIaCs&rank=1
The Kill Club,Wendy Heard,https://www.goodreads.com/book/show/43599925-the-kill-club?from_search=true&from_srp=true&qid=C7xpedhMVU&rank=1
The Dead of the Night,John Marsden,https://www.goodreads.com/book/show/71864.The_Dead_of_Night?from_search=true&from_srp=true&qid=WxPsjyHjbC&rank=2
The Homecoming,Alan Russell,https://www.goodreads.com/book/show/33630709-the-homecoming?from_search=true&from_srp=true&qid=bKNf8Qbzla&rank=1
Nordic Tales,Chronicle Books,https://www.goodreads.com/book/show/51068836-nordic-tales?from_search=true&from_srp=true&qid=bxXG38NYUS&rank=1
"Black Leopard, Red Wolf",Marlon James,https://www.goodreads.com/book/show/50608676-black-leopard-red-wolf?from_search=true&from_srp=true&qid=smdUt3OoYf&rank=2
The Bone Houses,Emily Lloyd-Jones,https://www.goodreads.com/book/show/36524503-the-bone-houses?from_search=true&from_srp=true&qid=xwfNliTza5&rank=1
Nemesis,Isaac Asimov,https://www.goodreads.com/book/show/302625.Nemesis?from_search=true&from_srp=true&qid=SSaJz7M0QQ&rank=1
Aftershocks,Marko Kloos,https://www.goodreads.com/book/show/41211815-aftershocks?from_search=true&from_srp=true&qid=t9ZEMfnnde&rank=1
The Legacy,R. A. Salvatore,https://www.goodreads.com/book/show/15981536-the-essential-novels?from_search=true&from_srp=true&qid=YEvINBYHaD&rank=14
Bearers of the Black Staff,Terry Brooks,https://www.goodreads.com/book/show/7302794-bearers-of-the-black-staff?from_search=true&from_srp=true&qid=1QSXcK7K2X&rank=1
Ecstasy,Jacquelyn Frank,https://www.goodreads.com/book/show/4071860-ecstasy?from_search=true&from_srp=true&qid=J7W0xkKViN&rank=1
Polgara the Sorceress,"Leigh Eddings, David Eddings",https://www.goodreads.com/book/show/18884.Polgara_the_Sorceress?from_search=true&from_srp=true&qid=hi590Wc65k&rank=1
My Life as a White Trash Zombie,Diana Rowland,https://www.goodreads.com/book/show/9640626-my-life-as-a-white-trash-zombie?from_search=true&from_srp=true&qid=Xlr3mdHqzi&rank=1
Magician: Master,Raymond E. Feist,https://www.goodreads.com/book/show/13810.Magician?from_search=true&from_srp=true&qid=cJAaagI1YT&rank=4
Thirteenth Child,Patricia C. Wrede,https://www.goodreads.com/book/show/5797595-thirteenth-child?from_search=true&from_srp=true&qid=egL8EZCCNl&rank=1
The Bone Ships,RJ Barker,https://www.goodreads.com/book/show/43521682-the-bone-ships?from_search=true&from_srp=true&qid=iFhvsB3Bkc&rank=1
Thinblade,David A. Wells,https://www.goodreads.com/book/show/11698192-thinblade?from_search=true&from_srp=true&qid=LRq8iNdQUc&rank=1
Rosewater,Tade Thompson,https://www.goodreads.com/book/show/38362809-rosewater?from_search=true&from_srp=true&qid=cV5zH4EzGt&rank=1
A Cosmology of Monsters,Shaun Hamill,https://www.goodreads.com/book/show/43506916-a-cosmology-of-monsters?from_search=true&from_srp=true&qid=CHqP6Pyt4T&rank=1
Wild Hunger,Chloe Neill,https://www.goodreads.com/book/show/36457735-wild-hunger?from_search=true&from_srp=true&qid=unKwpyE9Jq&rank=1
Day Shift,Charlaine Harris,https://www.goodreads.com/book/show/23281944-day-shift?from_search=true&from_srp=true&qid=4yE0ZefKRH&rank=1
Absolution Gap,Alastair Reynolds,https://www.goodreads.com/book/show/89184.Absolution_Gap?from_search=true&from_srp=true&qid=zkJAHP6f0U&rank=1
A Dark and Hollow Star,Ashley Shuttleworth,https://www.goodreads.com/book/show/53341666-a-dark-and-hollow-star?from_search=true&from_srp=true&qid=2C5Im1dNUG&rank=1
The Gripping Hand,"Jerry Pournelle, Larry Niven",https://www.goodreads.com/book/show/218453.The_Gripping_Hand?from_search=true&from_srp=true&qid=nDvEW1BxWQ&rank=1
Soldiers of Fortune,Joshua Dalzelle,https://www.goodreads.com/book/show/18160491-soldiers-of-fortune?from_search=true&from_srp=true&qid=kVBB4F4Z87&rank=1
Small Magic,Terry Brooks,https://www.goodreads.com/book/show/51115113-small-magic?from_search=true&from_srp=true&qid=ZpJjxQ5mDT&rank=1
Shadow Game,Christine Feehan,https://www.goodreads.com/book/show/9553.Shadow_Game?from_search=true&from_srp=true&qid=p8aP3AXtds&rank=1
Things in Jars,Jess Kidd,https://www.goodreads.com/book/show/49649443-things-in-jars?from_search=true&from_srp=true&qid=gUz2daJlHd&rank=1
Paladin of Souls,Lois McMaster Bujold,https://www.goodreads.com/book/show/61904.Paladin_of_Souls?from_search=true&from_srp=true&qid=UrtdguCsWY&rank=1
Forward,"Veronica Roth, Blake Crouch, Amor Towles, Paul Tremblay, Andy Weir, N. K. Jemisin",https://www.goodreads.com/book/show/58871904-forward?from_search=true&from_srp=true&qid=vqRfo6ivzz&rank=2
Clean,Alex Hughes,https://www.goodreads.com/book/show/13543039-clean?from_search=true&from_srp=true&qid=CGF6FpSlgG&rank=1
The Forgetting Moon,Brian Lee Durfee,https://www.goodreads.com/book/show/27206615-the-forgetting-moon?from_search=true&from_srp=true&qid=ez68qPlViP&rank=1
The Absolute Book,Elizabeth Knox,https://www.goodreads.com/book/show/54735156-the-absolute-book?from_search=true&from_srp=true&qid=KNV1efFkZx&rank=1
An Orc on the Wild Side,Tom Holt,https://www.goodreads.com/book/show/41716865-an-orc-on-the-wild-side?from_search=true&from_srp=true&qid=KGz4zyG9L6&rank=1
The Rule of One,"Ashley Saunders, Leslie Saunders",https://www.goodreads.com/book/show/36584870-the-rule-of-one?from_search=true&from_srp=true&qid=NZ0J17tzXZ&rank=1
Bloodshot,Cherie Priest,https://www.goodreads.com/book/show/8140731-bloodshot?from_search=true&from_srp=true&qid=x7GLMf8mF1&rank=1
Operation K-9 Brothers,Sandra Owens,https://www.goodreads.com/book/show/55978035-operation-k-9-brothers?from_search=true&from_srp=true&qid=eD2mhfPDa5&rank=1
The Mistake,Elle Kennedy,https://www.goodreads.com/book/show/25564665-the-mistake?from_search=true&from_srp=true&qid=0v19VOwB5k&rank=1
"To Sir Phillip, with Love",Julia Quinn,https://www.goodreads.com/book/show/110386.To_Sir_Phillip_With_Love?from_search=true&from_srp=true&qid=yhUwwkAGOn&rank=1
Ryker,Geri Glenn,https://www.goodreads.com/book/show/25824668-ryker?from_search=true&from_srp=true&qid=mLmEw2TMiK&rank=1
Key of Light,Nora Roberts,https://www.goodreads.com/book/show/762053.Key_of_Light?from_search=true&from_srp=true&qid=arbZ9Ph65L&rank=1
To All the Boys I've Loved Before,Jenny Han,https://www.goodreads.com/book/show/43534455-to-all-the-boys-i-ve-loved-before-trilogy-box-set-jenny-han-complete-col?from_search=true&from_srp=true&qid=nduwMl9p24&rank=1
The Dating Plan,Sara Desai,https://www.goodreads.com/book/show/54326395-the-dating-plan?from_search=true&from_srp=true&qid=Go62w6LZL3&rank=1
Games of the Heart,Kristen Ashley,https://www.goodreads.com/book/show/13497180-games-of-the-heart?from_search=true&from_srp=true&qid=CquIdDnUjX&rank=1
When a Rogue Meets His Match,Elizabeth Hoyt,https://www.goodreads.com/book/show/39216157-when-a-rogue-meets-his-match?from_search=true&from_srp=true&qid=5fys9n5kmV&rank=1
Leave Me Breathless,Jodi Ellen Malpas,https://www.goodreads.com/book/show/44220698-leave-me-breathless?from_search=true&from_srp=true&qid=rhdvlNkRG1&rank=1
Tools of Engagement,Tessa Bailey,https://www.goodreads.com/book/show/49203369-tools-of-engagement?from_search=true&from_srp=true&qid=XzOAj97NvH&rank=1
Never Love a Highlander,Maya Banks,https://www.goodreads.com/book/show/10378106-never-love-a-highlander?from_search=true&from_srp=true&qid=FVRrJZdCf4&rank=1
Not Quite Dating,Catherine Bybee,https://www.goodreads.com/book/show/15954546-not-quite-dating?from_search=true&from_srp=true&qid=lhZvkfveV1&rank=1
Dr. OB,Max Monroe,https://www.goodreads.com/book/show/34945008-dr-ob?from_search=true&from_srp=true&qid=ZjSSb32pYl&rank=1
Doing It Over,Catherine Bybee,https://www.goodreads.com/book/show/27387202-doing-it-over?from_search=true&from_srp=true&qid=ByqBRADMWO&rank=1
A Pho Love Story,Loan Le,https://www.goodreads.com/book/show/54238295-a-pho-love-story?from_search=true&from_srp=true&qid=q5wgZEwcp4&rank=1
Royal,Winter Renshaw,https://www.goodreads.com/book/show/28639249-royal?from_search=true&from_srp=true&qid=Ll3jcxNKu5&rank=1
Highland Fire,Tanya Anne Crosby,https://www.goodreads.com/book/show/20835344-highland-fire?from_search=true&from_srp=true&qid=XsCatOJz5I&rank=1
Spin,CD Reiss,https://www.goodreads.com/book/show/36462258-spin?from_search=true&from_srp=true&qid=IniHVp4Gcy&rank=1
In the Unlikely Event,L.J. Shen,https://www.goodreads.com/book/show/48847096-in-the-unlikely-event?from_search=true&from_srp=true&qid=9E0mPvzo7x&rank=1
All I Ask,Corinne Michaels,https://www.goodreads.com/book/show/51203849-all-i-ask?from_search=true&from_srp=true&qid=oYwROCP7FR&rank=1
No Tomorrow,Carian Cole,https://www.goodreads.com/book/show/41757728-no-tomorrow?from_search=true&from_srp=true&qid=z06SwOD3r4&rank=1
Anything for You,Kristan Higgins,https://www.goodreads.com/book/show/25530076-anything-for-you?from_search=true&from_srp=true&qid=EXUnmnmM49&rank=1
When You Dare,Lori Foster,https://www.goodreads.com/book/show/9758743-when-you-dare?from_search=true&from_srp=true&qid=mQ2NaPUaCv&rank=1
Where the Wind Blows,Caroline Fyffe,https://www.goodreads.com/book/show/15954544-where-the-wind-blows?from_search=true&from_srp=true&qid=PLfvtPQ0r5&rank=1
Defiant Queen,Meghan March,https://www.goodreads.com/book/show/36325400-defiant-queen?from_search=true&from_srp=true&qid=pOL0DdBgTc&rank=1
Found,B.L. Brunnemer,https://www.goodreads.com/book/show/37808209-found?from_search=true&from_srp=true&qid=7EcOd04N3C&rank=1
Kingdom of Souls,Rena Barron,https://www.goodreads.com/book/show/44596261-kingdom-of-souls?from_search=true&from_srp=true&qid=7faRCqca8g&rank=1
Chasing Perfect,Susan Mallery,https://www.goodreads.com/book/show/7203690-chasing-perfect?from_search=true&from_srp=true&qid=4vhUrm1ytk&rank=2
The Unwanted Wife,Natasha Anders,https://www.goodreads.com/book/show/17346553-the-unwanted-wife?from_search=true&from_srp=true&qid=0MMEGKryrW&rank=1
Only a Promise,Mary Balogh,https://www.goodreads.com/book/show/23274098-only-a-promise?from_search=true&from_srp=true&qid=rGlNEoucAa&rank=1
Casting Lacey,Elle Spencer,https://www.goodreads.com/book/show/37765959-casting-lacey?from_search=true&from_srp=true&qid=WHR85S6HqQ&rank=1
Driven,K. Bromberg,https://www.goodreads.com/book/show/30164950-driven?from_search=true&from_srp=true&qid=9B5Hy9HvIn&rank=3
Like a Love Story,Abdi Nazemian,https://www.goodreads.com/book/show/40190305-like-a-love-story?from_search=true&from_srp=true&qid=T8B2BjLYbf&rank=1
Son of the Morning,Linda Howard,https://www.goodreads.com/book/show/420737.Son_of_the_Morning?from_search=true&from_srp=true&qid=sKTETXUDTC&rank=1
Super Host,Kate Russo,https://www.goodreads.com/book/show/52063378-super-host?from_search=true&from_srp=true&qid=viDR6kMwFG&rank=1
Extreme Exposure,Pamela Clare,https://www.goodreads.com/book/show/159767.Extreme_Exposure?from_search=true&from_srp=true&qid=uS8pcAF1FQ&rank=1
The Secret Pond,Gerri Hill,https://www.goodreads.com/book/show/35680081-the-secret-pond?from_search=true&from_srp=true&qid=QnxtZRgBH5&rank=1
"Always and Forever, Lara Jean",Jenny Han,https://www.goodreads.com/book/show/35247769-always-and-forever-lara-jean?from_search=true&from_srp=true&qid=MlF8AiWZzp&rank=1
Stay Gold,Tobly McSmith,https://www.goodreads.com/book/show/45306326-stay-gold?from_search=true&from_srp=true&qid=23Veu0NzIh&rank=1
Eliza and Her Monsters,Francesca Zappia,https://www.goodreads.com/book/show/31931941-eliza-and-her-monsters?from_search=true&from_srp=true&qid=DDs0QpXjgT&rank=1
Wild Rain,Beverly Jenkins,https://www.goodreads.com/book/show/43701060-wild-rain?from_search=true&from_srp=true&qid=Z0ETOHvIPN&rank=1
"Loveboat, Taipei",Abigail Hing Wen,https://www.goodreads.com/book/show/23559994-loveboat-taipei?from_search=true&from_srp=true&qid=Dso6EVlww2&rank=1
The Atomic Weight of Love,Elizabeth J. Church,https://www.goodreads.com/book/show/25810606-the-atomic-weight-of-love?from_search=true&from_srp=true&qid=daHqJ73zVj&rank=1
Unraveled,Helen Hardt,https://www.goodreads.com/book/show/36041506-unraveled?from_search=true&from_srp=true&qid=MiMmEVvG39&rank=1
Liftoff,Eric Berger,https://www.goodreads.com/book/show/53402132-liftoff?from_search=true&from_srp=true&qid=85dY5oOMNh&rank=1
Amazing Grace,Eric Metaxas,https://www.goodreads.com/book/show/106610.Amazing_Grace?from_search=true&from_srp=true&qid=VxSFdl2KzE&rank=1
"Eat, Pray, #FML",Gabrielle Stone,https://www.goodreads.com/book/show/52942957-eat-pray-fml?from_search=true&from_srp=true&qid=PmAhVyjALR&rank=3
Building a Life Worth Living,Marsha M. Linehan,https://www.goodreads.com/book/show/43495368-building-a-life-worth-living?from_search=true&from_srp=true&qid=9JFFxqiwBu&rank=1
Dirty Rocker Boys,Bobbie Brown,https://www.goodreads.com/book/show/17570753-dirty-rocker-boys?from_search=true&from_srp=true&qid=Kt9XJrP7S4&rank=1
Every Breath You Take,Ann Rule,https://www.goodreads.com/book/show/266346.Every_Breath_You_Take?from_search=true&from_srp=true&qid=e52Ye0WieU&rank=1
Coreyography,Corey Feldman,https://www.goodreads.com/book/show/17286694-coreyography?from_search=true&from_srp=true&qid=KtzQVbAzSz&rank=1
Demonic Foes,Richard Gallagher,https://www.goodreads.com/book/show/42117326-demonic-foes?from_search=true&from_srp=true&qid=2gvXW8ReP5&rank=1
This Is What America Looks Like,Ilhan Omar,https://www.goodreads.com/book/show/51927994-this-is-what-america-looks-like?from_search=true&from_srp=true&qid=TkNifuSHgQ&rank=1
The Dynasty,Jeff Benedict,https://www.goodreads.com/book/show/53358819-the-dynasty?from_search=true&from_srp=true&qid=vwo3TSh9fA&rank=1
Disney's Land,Richard Snow,https://www.goodreads.com/book/show/45320545-disney-s-land?from_search=true&from_srp=true&qid=XdTYd0bvSn&rank=1
Yogi,Jon Pessah,https://www.goodreads.com/book/show/40696937-yogi?from_search=true&from_srp=true&qid=5dIYMpBBop&rank=1
No Angel,"Jay Dobyns, Nils Johnson-Shelton",https://www.goodreads.com/book/show/3425474-no-angel?from_search=true&from_srp=true&qid=MkkYSXN7Cx&rank=1
Kindness and Wonder,Gavin Edwards,https://www.goodreads.com/book/show/43386063-kindness-and-wonder?from_search=true&from_srp=true&qid=dgy78fpIe3&rank=1
"Black, White, and The Grey","Mashama Bailey, John O. Morisano",https://www.goodreads.com/book/show/56563411-black-white-and-the-grey?from_search=true&from_srp=true&qid=E3IDKwR1zw&rank=1
Becoming Dr. Seuss,Brian Jay Jones,https://www.goodreads.com/book/show/40410342-becoming-dr-seuss?from_search=true&from_srp=true&qid=SvuH3sgFQt&rank=1
Put on Your Crown,Queen Latifah,https://www.goodreads.com/book/show/7845156-put-on-your-crown?from_search=true&from_srp=true&qid=kmoFVmwBPf&rank=1
Every Day Is a Gift,Tammy Duckworth,https://www.goodreads.com/book/show/55898097-every-day-is-a-gift?from_search=true&from_srp=true&qid=3gWc5vQvkA&rank=1
Running to the Edge,Matthew Futterman,https://www.goodreads.com/book/show/41880041-running-to-the-edge?from_search=true&from_srp=true&qid=q11CQbGcCc&rank=1
Haben,Haben Girma,https://www.goodreads.com/book/show/43211952-haben?from_search=true&from_srp=true&qid=2mT1lZ30yZ&rank=1
All Blood Runs Red,"Phil Keith, Tom Clavin",https://www.goodreads.com/book/show/43838523-all-blood-runs-red?from_search=true&from_srp=true&qid=oVDCFeVWsH&rank=1
The Movie Musical!,Jeanine Basinger,https://www.goodreads.com/book/show/43626635-the-movie-musical?from_search=true&from_srp=true&qid=6FIJsBz3gH&rank=1
Imperfect Union,Steve Inskeep,https://www.goodreads.com/book/show/46033572-imperfect-union?from_search=true&from_srp=true&qid=oMxTVSx135&rank=1
Catching the Wolf of Wall Street,Jordan Belfort,https://www.goodreads.com/book/show/5083959-catching-the-wolf-of-wall-street?from_search=true&from_srp=true&qid=ynOo0YdBMS&rank=1
Made Men,Glenn Kenny,https://www.goodreads.com/book/show/50353733-made-men?from_search=true&from_srp=true&qid=kNrvi0bdxk&rank=1
Medallion Status,John Hodgman,https://www.goodreads.com/book/show/44908180-medallion-status?from_search=true&from_srp=true&qid=Fo2uixf5p5&rank=1
God-Level Knowledge Darts,"Desus, Mero",https://www.goodreads.com/book/show/48995022-god-level-knowledge-darts?from_search=true&from_srp=true&qid=SVPzEhhyl2&rank=1
This One Wild and Precious Life,Sarah Wilson,https://www.goodreads.com/book/show/54112488-this-one-wild-and-precious-life?from_search=true&from_srp=true&qid=Vm6iYPU6nt&rank=1
Becoming Eve,Abby Stein,https://www.goodreads.com/book/show/44287250-becoming-eve?from_search=true&from_srp=true&qid=HEEqwZYXCW&rank=1
Ultramarathon Man,Dean Karnazes,https://www.goodreads.com/book/show/87632.Ultramarathon_Man?from_search=true&from_srp=true&qid=Vl5Ywwg2i5&rank=1
Sitting Pretty,Rebekah Taussig,https://www.goodreads.com/book/show/52167161-sitting-pretty?from_search=true&from_srp=true&qid=swMxgnMzgn&rank=1
Confident Women,Tori Telfer,https://www.goodreads.com/book/show/53487125-confident-women?from_search=true&from_srp=true&qid=OQtIj2Iwtw&rank=1
"Barry Sonnenfeld, Call Your Mother",Barry Sonnenfeld,https://www.goodreads.com/book/show/51196840-barry-sonnenfeld-call-your-mother?from_search=true&from_srp=true&qid=SsEbPjVvxb&rank=1
Notes from the Bathroom Line,Amy Solomon,https://www.goodreads.com/book/show/52035052-notes-from-the-bathroom-line?from_search=true&from_srp=true&qid=EFHazSFUaT&rank=1
The Other Side of the Coin,Angela Kelly,https://www.goodreads.com/book/show/48616859-the-other-side-of-the-coin?from_search=true&from_srp=true&qid=E9aH4YvZtD&rank=2
His Excellency,Joseph J. Ellis,https://www.goodreads.com/book/show/6462.His_Excellency?from_search=true&from_srp=true&qid=yEvjLuBTAg&rank=1
Run to the Sound of the Guns,"Nicholas Moore, Mir Bahmanyar",https://www.goodreads.com/book/show/42398630-run-to-the-sound-of-the-guns?from_search=true&from_srp=true&qid=3OmP8KZaKC&rank=1
When Death Becomes Life,Joshua D. Mezrich,https://www.goodreads.com/book/show/37868562-when-death-becomes-life?from_search=true&from_srp=true&qid=sw2TdG1ILz&rank=1
Agent Storm,"Morten Storm, Paul Cruickshank, Tim Lister",https://www.goodreads.com/book/show/20763926-agent-storm?from_search=true&from_srp=true&qid=3MEay0fD8g&rank=1
The Last Stand of Payne Stewart,Kevin Robbins,https://www.goodreads.com/book/show/43885039-the-last-stand-of-payne-stewart?from_search=true&from_srp=true&qid=m2YivhXCok&rank=1
Good Husbandry,Kristin Kimball,https://www.goodreads.com/book/show/43822076-good-husbandry?from_search=true&from_srp=true&qid=UzVRk0qFAY&rank=1
Gay Like Me,Richie Jackson,https://www.goodreads.com/book/show/45999776-gay-like-me?from_search=true&from_srp=true&qid=mNn28RXfAF&rank=1
The Life and Afterlife of Harry Houdini,Joe Posnanski,https://www.goodreads.com/book/show/44149851-the-life-and-afterlife-of-harry-houdini?from_search=true&from_srp=true&qid=HbHeVcNp3V&rank=1
I Like to Watch,Emily Nussbaum,https://www.goodreads.com/book/show/42815538-i-like-to-watch?from_search=true&from_srp=true&qid=02WEHrj6A5&rank=1
Strangers Tend to Tell Me Things,Amy Dickinson,https://www.goodreads.com/book/show/28925620-strangers-tend-to-tell-me-things?from_search=true&from_srp=true&qid=NYX7ejENwh&rank=1
Notes from an Apocalypse,Mark O'Connell,https://www.goodreads.com/book/show/52019031-notes-from-an-apocalypse?from_search=true&from_srp=true&qid=m6pYbZV7Dw&rank=1
The Good Girls,Sonia Faleiro,https://www.goodreads.com/book/show/55574506-the-good-girls?from_search=true&from_srp=true&qid=VJ4VBEs0K9&rank=1
Little Miss Little Compton,"Arden Myrin, Debby Ryan",https://www.goodreads.com/book/show/51335206-little-miss-little-compton?from_search=true&from_srp=true&qid=H5fTTTgLzv&rank=1
Raceless,Georgina Lawton,https://www.goodreads.com/book/show/51475373-raceless?from_search=true&from_srp=true&qid=W2rqzbk7xx&rank=1
Tanking to the Top,Yaron Weitzman,https://www.goodreads.com/book/show/51205617-tanking-to-the-top?from_search=true&from_srp=true&qid=hYFXAJvzjC&rank=1
Fire Cannot Kill a Dragon,James Hibberd,https://www.goodreads.com/book/show/51774149-fire-cannot-kill-a-dragon?from_search=true&from_srp=true&qid=8f7XvQjs3B&rank=1
Hungry,Jeff Gordinier,https://www.goodreads.com/book/show/42590641-hungry?from_search=true&from_srp=true&qid=vgzhgAZIC1&rank=1
Fluent Forever,Gabriel Wyner,https://www.goodreads.com/book/show/19661852-fluent-forever?from_search=true&from_srp=true&qid=ge5iCpWUul&rank=1
Entangled Life,Merlin Sheldrake,https://www.goodreads.com/book/show/52668915-entangled-life?from_search=true&from_srp=true&qid=khYJvw96NJ&rank=2
The Storm of War,Andrew Roberts,https://www.goodreads.com/book/show/9850339-the-storm-of-war?from_search=true&from_srp=true&qid=1LrCoPA41L&rank=1
Mobituaries,Mo Rocca,https://www.goodreads.com/book/show/43821589-mobituaries?from_search=true&from_srp=true&qid=WvdUfrIpZ4&rank=1
The Ministry for the Future,Kim Stanley Robinson,https://www.goodreads.com/book/show/50998056-the-ministry-for-the-future?from_search=true&from_srp=true&qid=cmItIrmuvX&rank=1
That Will Never Work,Marc Randolph,https://www.goodreads.com/book/show/44428950-that-will-never-work?from_search=true&from_srp=true&qid=MLRtSZn1XO&rank=1
101 Essays That Will Change the Way You Think,Brianna Wiest,https://www.goodreads.com/book/show/32998876-101-essays-that-will-change-the-way-you-think?from_search=true&from_srp=true&qid=pWHJUYD7bt&rank=1
Gulag,Anne Applebaum,https://www.goodreads.com/book/show/224379.Gulag?from_search=true&from_srp=true&qid=cPGeHAFFfx&rank=1
Running with Sherman,Christopher McDougall,https://www.goodreads.com/book/show/43834684-running-with-sherman?from_search=true&from_srp=true&qid=E2fEQhbTNS&rank=1
The Physics of God,"Amit Goswami, Joseph Selbie",https://www.goodreads.com/book/show/36130592-the-physics-of-god?from_search=true&from_srp=true&qid=Cudg4mE5Wv&rank=1
The Rise and Fall of Ancient Egypt,Toby Wilkinson,https://www.goodreads.com/book/show/8536070-the-rise-and-fall-of-ancient-egypt?from_search=true&from_srp=true&qid=8yQcSPChHe&rank=1
American Serial Killers,Peter Vronsky,https://www.goodreads.com/book/show/52623753-american-serial-killers?from_search=true&from_srp=true&qid=gfc1Q0e3In&rank=1
Dark Alliance,Gary Webb,https://www.goodreads.com/book/show/40718249-dark-alliance?from_search=true&from_srp=true&qid=Ugzv3BpyAE&rank=1
Exercised,Daniel Lieberman,https://www.goodreads.com/book/show/49358915-exercised?from_search=true&from_srp=true&qid=1kPY2LpC9G&rank=2
The Singularity Is Near,Ray Kurzweil,https://www.goodreads.com/book/show/83518.The_Singularity_is_Near?from_search=true&from_srp=true&qid=UrzLbyCaG7&rank=1
For the Love of Physics,"Walter Lewin, Warren Goldstein",https://www.goodreads.com/book/show/7841672-for-the-love-of-physics?from_search=true&from_srp=true&qid=17ahWmNfCJ&rank=1
Prediction Machines,"Ajay Agrawal, Joshua Gans, Avi Goldfarb",https://www.goodreads.com/book/show/36484703-prediction-machines?from_search=true&from_srp=true&qid=6ZqsmVJUoj&rank=1
I Am C-3PO,"Anthony Daniels, J.J. Abrams",https://www.goodreads.com/book/show/45038733-i-am-c-3po?from_search=true&from_srp=true&qid=PW0DU2ECOf&rank=1
Why Evolution Is True,Jerry A. Coyne,https://www.goodreads.com/book/show/4005310-why-evolution-is-true?from_search=true&from_srp=true&qid=n97T60N4bs&rank=1
FAKE,Robert T. Kiyosaki,https://www.goodreads.com/book/show/40385517-fake?from_search=true&from_srp=true&qid=0VogidC90o&rank=1
Wonderworks,Angus Fletcher,https://www.goodreads.com/book/show/54304160-wonderworks?from_search=true&from_srp=true&qid=mviq5HslY1&rank=1
The New New Thing,Michael Lewis,https://www.goodreads.com/book/show/17986421-the-new-new-thing?from_search=true&from_srp=true&qid=XTA08BxjDH&rank=1
Words on the Move,John McWhorter,https://www.goodreads.com/book/show/28696604-words-on-the-move?from_search=true&from_srp=true&qid=k85u2BC0AO&rank=1
A Knock at Midnight,Brittany K. Barnett,https://www.goodreads.com/book/show/52654711-a-knock-at-midnight?from_search=true&from_srp=true&qid=gNTtBzqZzt&rank=1
Who Ate the First Oyster?,Cody Cassidy,https://www.goodreads.com/book/show/52508868-who-ate-the-first-oyster?from_search=true&from_srp=true&qid=KTw70RJHOC&rank=1
The Virtue of Selfishness,Ayn Rand,https://www.goodreads.com/book/show/665.The_Virtue_of_Selfishness?from_search=true&from_srp=true&qid=NScF6cCbDx&rank=3
Betrayal in Berlin,Steve Vogel,https://www.goodreads.com/book/show/49397448-betrayal-in-berlin?from_search=true&from_srp=true&qid=FzRrOQp6BO&rank=1
The Great Pretender,Susannah Cahalan,https://www.goodreads.com/book/show/44287149-the-great-pretender?from_search=true&from_srp=true&qid=QIRPESmZID&rank=1
The Book of Gutsy Women,"Hillary Rodham Clinton, Chelsea Clinton",https://www.goodreads.com/book/show/53086148-the-book-of-gutsy-women?from_search=true&from_srp=true&qid=SWyRJY4xoO&rank=1
The Pixar Touch,David A. Price,https://www.goodreads.com/book/show/2632830-the-pixar-touch?from_search=true&from_srp=true&qid=7EIIh5CGO0&rank=1
The World of Critical Role,"Liz Marsham, Cast of Critical Role, Critical Role",https://www.goodreads.com/book/show/54738186-the-world-of-critical-role?from_search=true&from_srp=true&qid=uLsF8IUUfn&rank=1
The Unidentified,Colin Dickey,https://www.goodreads.com/book/show/51216215-the-unidentified?from_search=true&from_srp=true&qid=7hc4DKzvAu&rank=1
The Book of Eels,Patrik Svensson,https://www.goodreads.com/book/show/51938590-the-book-of-eels?from_search=true&from_srp=true&qid=0O92fmEJzu&rank=1
The Song of the Dodo,David Quammen,https://www.goodreads.com/book/show/546725.The_Song_of_the_Dodo?from_search=true&from_srp=true&qid=VxOYesDaVH&rank=2
Eat Like a Fish,Bren Smith,https://www.goodreads.com/book/show/41552367-eat-like-a-fish?from_search=true&from_srp=true&qid=S7tEEskSTx&rank=1
Ingredients,George Zaidan,https://www.goodreads.com/book/show/48822623-ingredients?from_search=true&from_srp=true&qid=DnbwaDV7y2&rank=1
You Look Like a Thing and I Love You,Janelle Shane,https://www.goodreads.com/book/show/44286534-you-look-like-a-thing-and-i-love-you?from_search=true&from_srp=true&qid=tityiXDz55&rank=1
Black Hearts,Jim Frederick,https://www.goodreads.com/book/show/7168870-black-hearts?from_search=true&from_srp=true&qid=KlKgxloe9h&rank=1
A Game of Birds and Wolves,Simon Parkin,https://www.goodreads.com/book/show/45730911-a-game-of-birds-and-wolves?from_search=true&from_srp=true&qid=A6OmBL2kyu&rank=1
The Great Delusion,John J. Mearsheimer,https://www.goodreads.com/book/show/38748983-the-great-delusion?from_search=true&from_srp=true&qid=1uZeHcDzck&rank=1
Country Music,"Dayton Duncan, Ken Burns",https://www.goodreads.com/book/show/45557152-country-music?from_search=true&from_srp=true&qid=mgi7cpWTvM&rank=1
The Ghosts of Eden Park,Karen Abbott,https://www.goodreads.com/book/show/43747492-the-ghosts-of-eden-park?from_search=true&from_srp=true&qid=APVzbUEsaI&rank=1
The Hunt for Vulcan,Thomas Levenson,https://www.goodreads.com/book/show/25238350-the-hunt-for-vulcan?from_search=true&from_srp=true&qid=X6qF7Fy5eZ&rank=1
A Colony in a Nation,Chris Hayes,https://www.goodreads.com/book/show/35167682-a-colony-in-a-nation?from_search=true&from_srp=true&qid=gQ0K35Sq7Z&rank=1
The Inner Life of Cats,Thomas McNamee,https://www.goodreads.com/book/show/30841952-the-inner-life-of-cats?from_search=true&from_srp=true&qid=v4awIyOvB2&rank=1
Stranger in the Shogun's City,Amy Stanley,https://www.goodreads.com/book/show/52768414-stranger-in-the-shogun-s-city?from_search=true&from_srp=true&qid=bU7vVdKZOe&rank=1
We Have Been Harmonized,Kai Strittmatter,https://www.goodreads.com/book/show/49203415-we-have-been-harmonized?from_search=true&from_srp=true&qid=kaJqxu7K6r&rank=1
Great Goddesses,Nikita Gill,https://www.goodreads.com/book/show/44157727-great-goddesses?from_search=true&from_srp=true&qid=bpRdBvm6n8&rank=1
"Big Sister, Little Sister, Red Sister",Jung Chang,https://www.goodreads.com/book/show/43811202-big-sister-little-sister-red-sister?from_search=true&from_srp=true&qid=ATdyvemXam&rank=1
Bubble in the Sun,Christopher Knowlton,https://www.goodreads.com/book/show/49480882-bubble-in-the-sun?from_search=true&from_srp=true&qid=YB1K5yc5UK&rank=1
Oceanology,DK,https://www.goodreads.com/book/show/50347444-oceanology?from_search=true&from_srp=true&qid=6eiM2hhNPr&rank=1
ISIS,"Michael Weiss, Hassan Hassan",https://www.goodreads.com/book/show/23846387-isis?from_search=true&from_srp=true&qid=bPfWLqaHor&rank=3
Win at All Costs,Matt Hart,https://www.goodreads.com/book/show/48929864-win-at-all-costs?from_search=true&from_srp=true&qid=xMB9yDkliv&rank=1
The Buried,Peter Hessler,https://www.goodreads.com/book/show/40641080-the-buried?from_search=true&from_srp=true&qid=OzahYQP5aL&rank=1
The Ice at the End of the World,Jon Gertner,https://www.goodreads.com/book/show/41882632-the-ice-at-the-end-of-the-world?from_search=true&from_srp=true&qid=wHJSHzKg4D&rank=1
The Making of a Miracle,"Mike Eruzione, Neal Boudette",https://www.goodreads.com/book/show/48812273-the-making-of-a-miracle?from_search=true&from_srp=true&qid=VL3HHZq8Kp&rank=1
Swing Kings,Jared Diamond,https://www.goodreads.com/book/show/49610030-swing-kings?from_search=true&from_srp=true&qid=vHLdBmXg0x&rank=1
How to Think Like a Fish,Jeremy Wade,https://www.goodreads.com/book/show/44000371-how-to-think-like-a-fish?from_search=true&from_srp=true&qid=XbynNPHV5R&rank=1
The Sirens of Mars,Sarah Stewart Johnson,https://www.goodreads.com/book/show/50751225-the-sirens-of-mars?from_search=true&from_srp=true&qid=LguyH3Md8p&rank=1
The Girls,Abigail Pesta,https://www.goodreads.com/book/show/43492058-the-girls?from_search=true&from_srp=true&qid=DX5rb94RAy&rank=1
One Day,Gene Weingarten,https://www.goodreads.com/book/show/44525300-one-day?from_search=true&from_srp=true&qid=w7zpDqWJfH&rank=1
Two Truths and a Lie,Ellen McGarrahan,https://www.goodreads.com/book/show/33517784-two-truths-and-a-lie?from_search=true&from_srp=true&qid=LXBZdfMmIH&rank=1
"Doctor Dolittle: The Complete Collection, Vol. 1",Hugh Lofting,https://www.goodreads.com/book/show/42101723-doctor-dolittle?from_search=true&from_srp=true&qid=w0Xw00fink&rank=1
The BFG,Roald Dahl,https://www.goodreads.com/book/show/6319.The_BFG?from_search=true&from_srp=true&qid=dXBocPDyZs&rank=7
Book Scavenger,Jennifer Chambliss Bertman,https://www.goodreads.com/book/show/22718727-book-scavenger?from_search=true&from_srp=true&qid=fSjRwcNrOp&rank=1
The Magic Misfits: The Fourth Suit,Neil Patrick Harris,https://www.goodreads.com/book/show/50497265-the-fourth-suit?from_search=true&from_srp=true&qid=KBJUoSADyz&rank=1
Self-Compassion,Kristin Neff,https://www.goodreads.com/book/show/10127008-self-compassion?from_search=true&from_srp=true&qid=vKAGgnmhD9&rank=2
Wintering,Katherine May,https://www.goodreads.com/book/show/52623750-wintering?from_search=true&from_srp=true&qid=HEt9qphtPj&rank=2
The Spirit Catches You and You Fall Down,Anne Fadiman,https://www.goodreads.com/book/show/12609.The_Spirit_Catches_You_and_You_Fall_Down?from_search=true&from_srp=true&qid=TQtiNRCeQq&rank=3
Blowing the Bloody Doors Off,Michael Caine,https://www.goodreads.com/book/show/39295912-blowing-the-bloody-doors-off?from_search=true&from_srp=true&qid=0nXXReZwJX&rank=1
The 5 Levels of Leadership,John C. Maxwell,https://www.goodreads.com/book/show/11225698-the-5-levels-of-leadership?from_search=true&from_srp=true&qid=dx82Y11Wkd&rank=1
The Wealth Choice,Dennis Kimbro,https://www.goodreads.com/book/show/15794260-the-wealth-choice?from_search=true&from_srp=true&qid=CkjbkImWZO&rank=1
"Speak Like Churchill, Stand Like Lincoln",James C. Humes,https://www.goodreads.com/book/show/80318.Speak_Like_Churchill_Stand_Like_Lincoln?from_search=true&from_srp=true&qid=f4WISdNNZz&rank=1
The Rational Bible: Genesis,Dennis Prager,https://www.goodreads.com/book/show/40538823-the-rational-bible?from_search=true&from_srp=true&qid=pf6zjPEBt4&rank=1
The Defining Decade,Meg Jay,https://www.goodreads.com/book/show/40603783-the-defining-decade?from_search=true&from_srp=true&qid=sO8Kct0iiJ&rank=1
Food Freedom Forever,Melissa Hartwig,https://www.goodreads.com/book/show/28504553-food-freedom-forever?from_search=true&from_srp=true&qid=tGO80XtpdF&rank=1
Stop Missing Your Life,Cory Muscara,https://www.goodreads.com/book/show/45031890-stop-missing-your-life?from_search=true&from_srp=true&qid=1721GpJ4wK&rank=1
How to Break Your Addiction to a Person,Howard M. Halpern PhD,https://www.goodreads.com/book/show/378144.How_to_Break_Your_Addiction_to_a_Person?from_search=true&from_srp=true&qid=NvKRF6bnKr&rank=1
The Art of Strategy,"Barry J. Nalebuff, Avinash K. Dixit",https://www.goodreads.com/book/show/2423424.The_Art_of_Strategy?from_search=true&from_srp=true&qid=5zn0JAf6QA&rank=1
How We Show Up,Mia Birdsong,https://www.goodreads.com/book/show/45032310-how-we-show-up?from_search=true&from_srp=true&qid=RBAuRnvj6c&rank=1
Speak with Impact,Allison Shapira,https://www.goodreads.com/book/show/39873373-speak-with-impact?from_search=true&from_srp=true&qid=ulNkzIviC3&rank=1
The Urban Monk,Pedram Shojai OMD,https://www.goodreads.com/book/show/39703605-the-urban-monk-inner-stillness-training-program?from_search=true&from_srp=true&qid=oPp4Dwi5YI&rank=2
Remote Work Revolution,Tsedal Neeley,https://www.goodreads.com/book/show/54109219-remote-work-revolution?from_search=true&from_srp=true&qid=MCTlJHFcxJ&rank=1
Never Go Back,Dr. Henry Cloud,https://www.goodreads.com/book/show/18775392-never-go-back?from_search=true&from_srp=true&qid=fIz48joBLF&rank=1
Unf*ckology,Amy Alkon,https://www.goodreads.com/book/show/34964841-unf-ckology?from_search=true&from_srp=true&qid=WPnneTSdz1&rank=1
For the Love of a Dog,Patricia B McConnell,https://www.goodreads.com/book/show/31054.For_the_Love_of_a_Dog?from_search=true&from_srp=true&qid=fkiSbcS5kK&rank=1
The Book of Moods,Lauren Martin,https://www.goodreads.com/book/show/53021563-the-book-of-moods?from_search=true&from_srp=true&qid=663FOg7lG9&rank=1
How to Get Sh*t Done,Erin Falconer,https://www.goodreads.com/book/show/35297359-how-to-get-sh-t-done?from_search=true&from_srp=true&qid=fuZ4Gh1suO&rank=1
Your Fully Charged Life,Meaghan B. Murphy,https://www.goodreads.com/book/show/55271518-your-fully-charged-life?from_search=true&from_srp=true&qid=NVXKkngvig&rank=1
The Joy of Movement,Kelly McGonigal,https://www.goodreads.com/book/show/44780556-the-joy-of-movement?from_search=true&from_srp=true&qid=X18Z3SJIWZ&rank=1
The Great Cholesterol Myth,"Stephen T. Sinatra, Jonny Bowden",https://www.goodreads.com/book/show/13590581-the-great-cholesterol-myth?from_search=true&from_srp=true&qid=OFcMsAiJYE&rank=1
The Ten Faces of Innovation,"Tom Kelley, Jonathan Littman",https://www.goodreads.com/book/show/95656.The_Ten_Faces_of_Innovation?from_search=true&from_srp=true&qid=NT1rMGB3qP&rank=1
Level Up Your Life,Steve Kamb,https://www.goodreads.com/book/show/24615920-level-up-your-life?from_search=true&from_srp=true&qid=8isykxWI8J&rank=1
Dress Your Best Life,Dawnn Karen,https://www.goodreads.com/book/show/51197947-dress-your-best-life?from_search=true&from_srp=true&qid=YhF6pt5Ea2&rank=1
The Nerdist Way,Chris Hardwick,https://www.goodreads.com/book/show/10723227-the-nerdist-way?from_search=true&from_srp=true&qid=fRqLO5ayPf&rank=1
A Pilgrimage to Eternity,Timothy Egan,https://www.goodreads.com/book/show/44140367-a-pilgrimage-to-eternity?from_search=true&from_srp=true&qid=xN53h3obZR&rank=1
The Rumi Prescription,Melody Moezzi,https://www.goodreads.com/book/show/52580350-the-rumi-prescription?from_search=true&from_srp=true&qid=410dgGvPom&rank=1
Work Won't Love You Back,Sarah Jaffe,https://www.goodreads.com/book/show/53241562-work-won-t-love-you-back?from_search=true&from_srp=true&qid=FPCqgpopsW&rank=1
The Fate of Food,Amanda Little,https://www.goodreads.com/book/show/41882450-the-fate-of-food?from_search=true&from_srp=true&qid=F6LHFAGGNC&rank=1
Huddle,Brooke Baldwin,https://www.goodreads.com/book/show/54427164-huddle?from_search=true&from_srp=true&qid=u8Nc034qXw&rank=1
After the Rain,Alexandra Elle,https://www.goodreads.com/book/show/50999390-after-the-rain?from_search=true&from_srp=true&qid=MnxgNnZsUV&rank=1
Your Time to Thrive,Marina Khidekel,https://www.goodreads.com/book/show/54499068-your-time-to-thrive?from_search=true&from_srp=true&qid=apieu9gTFR&rank=1
Unwind Your Mind,Emma WhispersRed,https://www.goodreads.com/book/show/52676773-unwind-your-mind?from_search=true&from_srp=true&qid=hpTrHwi8zb&rank=1
A Simplified Life,Emily Ley,https://www.goodreads.com/book/show/34460565-a-simplified-life?from_search=true&from_srp=true&qid=6OMjWATnbW&rank=1
Never Settle,Marty Smith,https://www.goodreads.com/book/show/43522581-never-settle?from_search=true&from_srp=true&qid=1IoLiTDfzr&rank=2
Weird,Olga Khazan,https://www.goodreads.com/book/show/51338489-weird?from_search=true&from_srp=true&qid=owyCmbluM7&rank=1
Fashionopolis,Dana Thomas,https://www.goodreads.com/book/show/43671670-fashionopolis?from_search=true&from_srp=true&qid=ARLY7wmkQO&rank=1
This Just Speaks to Me,Hoda Kotb,https://www.goodreads.com/book/show/53911856-this-just-speaks-to-me?from_search=true&from_srp=true&qid=vHRUQzBt6s&rank=1
On the Clock,Emily Guendelsberger,https://www.goodreads.com/book/show/42779084-on-the-clock?from_search=true&from_srp=true&qid=nX6T56A2D2&rank=1
Sailing True North,Admiral James Stavridis,https://www.goodreads.com/book/show/44028643-sailing-true-north?from_search=true&from_srp=true&qid=4SX3XaMhLA&rank=1
Happiness the Mindful Way,Ken A. Verni,https://www.goodreads.com/book/show/25194232-happiness-the-mindful-way?from_search=true&from_srp=true&qid=ECRvzPVoB8&rank=1
Forest Therapy,Sarah Ivens,https://www.goodreads.com/book/show/38650666-forest-therapy?from_search=true&from_srp=true&qid=4J7o7CDFNS&rank=1
Dreams,Rosie March-Smith,https://www.goodreads.com/book/show/44143619-dreams?from_search=true&from_srp=true&qid=CsDqNeKgi0&rank=1
How to Make a Plant Love You,Summer Rayne Oakes,https://www.goodreads.com/book/show/42584180-how-to-make-a-plant-love-you?from_search=true&from_srp=true&qid=xBRNGBH0am&rank=1
A Unicorn in a World of Donkeys,Mia Michaels,https://www.goodreads.com/book/show/36204960-a-unicorn-in-a-world-of-donkeys?from_search=true&from_srp=true&qid=VvdL1kTQLq&rank=1
Miss Benson's Beetle,Rachel Joyce,https://www.goodreads.com/book/show/52674676-miss-benson-s-beetle?from_search=true&from_srp=true&qid=1jAU2tnzNO&rank=1
The Secret Life of Bees,Sue Monk Kidd,https://www.goodreads.com/book/show/37435.The_Secret_Life_of_Bees?ac=1&from_search=true&qid=SIRAyoAm34&rank=2
Pride and Prejudice [Blackstone Audio],Jane Austen,https://www.goodreads.com/book/show/1885.Pride_and_Prejudice?from_search=true&from_srp=true&qid=aZrfmFsptH&rank=2
The Bookshop at Water's End,Patti Callahan Henry,https://www.goodreads.com/book/show/32766483-the-bookshop-at-water-s-end?from_search=true&from_srp=true&qid=SSfuTkLVvW&rank=1
The Idiot [Blackstone],Fyodor Dostoevsky,https://www.goodreads.com/book/show/12505.The_Idiot?from_search=true&from_srp=true&qid=bRhGo0Nw1T&rank=1
While Paris Slept,Ruth Druart,https://www.goodreads.com/book/show/53146101-while-paris-slept?from_search=true&from_srp=true&qid=ePNg1jnI0X&rank=1
The Protector's War,S. M. Stirling,https://www.goodreads.com/book/show/116449.The_Protector_s_War?from_search=true&from_srp=true&qid=yyGEwbv3MC&rank=1
The Honest Spy,"Andreas Kollender, Steve Anderson - translator",https://www.goodreads.com/book/show/34330652-the-honest-spy?from_search=true&from_srp=true&qid=46z7eUOLLD&rank=1
The Burning Girls,C. J. Tudor,https://www.goodreads.com/book/show/53387949-the-burning-girls?from_search=true&from_srp=true&qid=wD5BEJdoNL&rank=1
Framed,S. L. McInnis,https://www.goodreads.com/book/show/44582899-framed?from_search=true&from_srp=true&qid=KuexAXC9yO&rank=1
The Post-Human Omnibus,David Simpson,https://www.goodreads.com/book/show/20453431-post-human-omnibus?from_search=true&from_srp=true&qid=6l8jNlZydE&rank=1
Greyhound (Movie Tie-In),C. S. Forester,https://www.goodreads.com/book/show/53723011-greyhound-movie-tie-in?from_search=true&from_srp=true&qid=9K4G7NoFfh&rank=1
In the Clearing,J. P. Pomare,https://www.goodreads.com/book/show/51960928-in-the-clearing?from_search=true&from_srp=true&qid=RnwuPmoVA9&rank=1
Finding Grace,K. L. Slater,https://www.goodreads.com/book/show/43170493-finding-grace?from_search=true&from_srp=true&qid=qNsJ2YqiDE&rank=1
They're Watching,Gregg Hurwitz,https://www.goodreads.com/book/show/7243435-they-re-watching?from_search=true&from_srp=true&qid=oPwu8BteIZ&rank=1
Good Girls Lie,J. T. Ellison,https://www.goodreads.com/book/show/43193837-good-girls-lie?from_search=true&from_srp=true&qid=CoywdBsNmH&rank=1
A Gambler's Jury,Victor Methos,https://www.goodreads.com/book/show/35086210-a-gambler-s-jury?from_search=true&from_srp=true&qid=mRTZRohMdM&rank=1
The City We Became,N. K. Jemisin,https://www.goodreads.com/book/show/42074525-the-city-we-became?from_search=true&from_srp=true&qid=hMOsNxAEbE&rank=1
Pan's Labyrinth: The Labyrinth of the Faun,"Guillermo del Toro, Cornelia Funke",https://www.goodreads.com/book/show/42117981-pan-s-labyrinth?from_search=true&from_srp=true&qid=3Q8TB28mQt&rank=1
Unwholly,Neal Shusterman,https://www.goodreads.com/book/show/13545075-unwholly?from_search=true&from_srp=true&qid=g4Zz7ozdS2&rank=1
The Thousand Orcs,R. A. Salvatore,https://www.goodreads.com/book/show/66683.The_Thousand_Orcs?from_search=true&from_srp=true&qid=7no9Ck1lam&rank=1
Crave,J. R. Ward,https://www.goodreads.com/book/show/7828882-crave?from_search=true&from_srp=true&qid=awcKqmnNgO&rank=1
Where the Wild Things Bite,Molly Harper,https://www.goodreads.com/book/show/27274410-where-the-wild-things-bite?from_search=true&from_srp=true&qid=43mvM6DBiX&rank=1
When Life Gives You Pears,Jeannie Gaffigan,https://www.goodreads.com/book/show/44064563-when-life-gives-you-pears?from_search=true&from_srp=true&qid=iA3H13LAKc&rank=1
Shadow's Edge,J. T. Geissinger,https://www.goodreads.com/book/show/13811234-shadow-s-edge?from_search=true&from_srp=true&qid=88Ess7G784&rank=1
The Winter King,C. L. Wilson,https://www.goodreads.com/book/show/10485751-the-winter-king?from_search=true&from_srp=true&qid=QdbIA96JaT&rank=1
How the King of Elfhame Learned to Hate Stories,"Holly Black, Rovina Cai - illustrator",https://www.goodreads.com/book/show/53439886-how-the-king-of-elfhame-learned-to-hate-stories?from_search=true&from_srp=true&qid=LUMNJaKS8n&rank=1
Blood on the Floor,R. R. Haywood,https://www.goodreads.com/book/show/29806620-blood-on-the-floor?from_search=true&from_srp=true&qid=il8HLd79Iz&rank=1
Harsh Cry of the Heron,Lian Hearn,https://www.goodreads.com/book/show/1408083.The_Harsh_Cry_of_the_Heron?from_search=true&from_srp=true&qid=JRr8phX9xF&rank=1
Reaper's Property,Joanna Wylde,https://www.goodreads.com/book/show/17375956-reaper-s-property?from_search=true&from_srp=true&qid=tlD8qY4Rrn&rank=1
The Lady's Guide to Celestial Mechanics,Olivia Waite,https://www.goodreads.com/book/show/42117380-the-lady-s-guide-to-celestial-mechanics?from_search=true&from_srp=true&qid=6uVM0PQXZv&rank=1
Yolk,Mary H. K. Choi,https://www.goodreads.com/book/show/43562313-yolk?from_search=true&from_srp=true&qid=W3RVIUN0Bc&rank=1
The Rogue's Return,Jo Beverley,https://www.goodreads.com/book/show/615027.The_Rogue_s_Return?from_search=true&from_srp=true&qid=6fBALUkFg0&rank=1
"Hold On, But Don't Hold Still",Kristina Kuzmic,https://www.goodreads.com/book/show/50085691-hold-on-but-don-t-hold-still?from_search=true&from_srp=true&qid=9LE3fvP0hr&rank=1
The Night Stalkers,"Michael J. Durant, Steven Hartov, Lt. Col - Ret Robert L. Johnson",https://www.goodreads.com/book/show/115996.The_Night_Stalkers?from_search=true&from_srp=true&qid=q4ew2Y1boV&rank=1
Trixie and Katya's Guide to Modern Womanhood,"Trixie Mattel, Katya",https://www.goodreads.com/book/show/52180973-trixie-and-katya-s-guide-to-modern-womanhood?from_search=true&from_srp=true&qid=DP1h2g0JiH&rank=1
The Hero's Journey,"Joseph Campbell, Stuart L. Brown - foreword, Phil Cousineau - editor",https://www.goodreads.com/book/show/16129228-the-hero-s-journey?from_search=true&from_srp=true&qid=dOABixNGQf&rank=1
I'll Have What She's Having,Erin Carlson,https://www.goodreads.com/book/show/31932935-i-ll-have-what-she-s-having?from_search=true&from_srp=true&qid=dXHjg2mvdc&rank=1
The Lost Boy,David Pelzer,https://www.goodreads.com/book/show/2743.The_Lost_Boy?from_search=true&from_srp=true&qid=OZOTzdYuLm&rank=1
Elizabeth & Margaret,Andrew Morton,https://www.goodreads.com/book/show/54503472-elizabeth-margaret?from_search=true&from_srp=true&qid=raGnJQ7cEK&rank=1
I'm Feeling Lucky,Douglas Edwards,https://www.goodreads.com/book/show/9871673-i-m-feeling-lucky?from_search=true&from_srp=true&qid=5ryr3YTJE9&rank=1
Girl Decoded,"Rana el Kaliouby, Carol Colman",https://www.goodreads.com/book/show/57507423-girl-decoded?from_search=true&from_srp=true&qid=NUKAKAlkUZ&rank=1
You're Not Special,Meghan Rienks,https://www.goodreads.com/book/show/41180094-you-re-not-special?from_search=true&from_srp=true&qid=6zSLLvYQQI&rank=1
The Color of Money,Mehrsa Baradaran,https://www.goodreads.com/book/show/34758210-color-of-money?from_search=true&from_srp=true&qid=I9damNqex6&rank=1
"Viruses, Plagues, and History",Michael B. A. Oldstone,https://www.goodreads.com/book/show/573801.Viruses_Plagues_and_History?from_search=true&from_srp=true&qid=XCufRpgdLH&rank=1
Vagabonds,"Hao Jingfang, Ken Liu - translator",https://www.goodreads.com/book/show/49454725-vagabonds?from_search=true&from_srp=true&qid=nzcg9u1BrM&rank=1
On Being Human,"Jennifer Pastiloff, Lidia Yuknavitch - foreword",https://www.goodreads.com/book/show/42272337-on-being-human?from_search=true&from_srp=true&qid=GVHNmhPx9w&rank=1
Consent,"Vanessa Springora, Natasha Lehrer - translator",https://www.goodreads.com/book/show/53327897-consent?from_search=true&from_srp=true&qid=yRmHl4ws1u&rank=1
Miss D and Me,"Kathryn Sermak, Danelle Morton - featuring",https://www.goodreads.com/book/show/33784364-miss-d-and-me?from_search=true&from_srp=true&qid=zHhVKEgFpN&rank=1
Hymns of the Republic,S. C. Gwynne,https://www.goodreads.com/book/show/43821608-hymns-of-the-republic?from_search=true&from_srp=true&qid=mlQhrt0Z7I&rank=1
This Kind of War,T. R. Fehrenbach,https://www.goodreads.com/book/show/118690.This_Kind_of_War?from_search=true&from_srp=true&qid=Xp917dSE0X&rank=1
Havana Nocturne,T. J. English,https://www.goodreads.com/book/show/2578863-havana-nocturne?from_search=true&from_srp=true&qid=kVVpDEcgVC&rank=1
The Merchant of Death,D. J. MacHale,https://www.goodreads.com/book/show/833710.The_Merchant_of_Death?from_search=true&from_srp=true&qid=4bzpxMv0kv&rank=1
The Zoologist's Guide to the Galaxy,Arik Kershenbaum,https://www.goodreads.com/book/show/52770736-the-zoologist-s-guide-to-the-galaxy?from_search=true&from_srp=true&qid=mSNORefPbM&rank=1
The Modern Scholar: The Philosophy of Thomas Aquinas,Prof. Peter Kreeft,https://www.goodreads.com/book/show/23996125-the-modern-scholar?from_search=true&from_srp=true&qid=rM7aRosGZ3&rank=1
The Healing Self,"Rudolph E. Tanzi Ph.D., Deepak Chopra",https://www.goodreads.com/book/show/35134101-the-healing-self?from_search=true&from_srp=true&qid=fdbxs50j1q&rank=1
Isle of the Lost,Melissa De La Cruz,https://www.goodreads.com/book/show/22639095-the-isle-of-the-lost?from_search=true&from_srp=true&qid=D46Kat6X8p&rank=1
Beauty and the Beast,"Elizabeth Rudnick, Disney Press",https://www.goodreads.com/book/show/30145679-beauty-and-the-beast-novelization?from_search=true&from_srp=true&qid=HNkhbAHWLF&rank=8
Finding Dory,Disney Press,https://www.goodreads.com/book/show/26067520-finding-dory?from_search=true&from_srp=true&qid=xDzr9b7RuQ&rank=2
University of Berkshire Hathaway,"Daniel Pecaut, Corey Wrenn - contributor",https://www.goodreads.com/book/show/34673040-university-of-berkshire-hathaway?from_search=true&from_srp=true&qid=rmpmG8fQPn&rank=1
"Basic Economics, Fourth Edition",Thomas Sowell,https://www.goodreads.com/book/show/3023.Basic_Economics?from_search=true&from_srp=true&qid=9lWRLePoGs&rank=1
The Resolution for Women,"Priscilla Shirer, Alexander Kendrick - foreword, Stephen Kendrick - foreword",https://www.goodreads.com/book/show/51256631-the-resolution-for-women?from_search=true&from_srp=true&qid=tPmJg7kzUH&rank=1
Joy at Work,"Marie Kondo, Scott Sonenshein",https://www.goodreads.com/book/show/53071025-joy-at-work?from_search=true&from_srp=true&qid=6ofEdD3Bce&rank=6
It's About Damn Time,"Arlan Hamilton, Rachel L. Nelson",https://www.goodreads.com/book/show/49646727-it-s-about-damn-time?from_search=true&from_srp=true&qid=bmhTry8ShR&rank=1
The Joy of Missing Out,Tanya Dalton,https://www.goodreads.com/book/show/44442025-the-joy-of-missing-out?from_search=true&from_srp=true&qid=Lwfuzh6EUU&rank=1
You're a Miracle (and a Pain in the Ass),Mike McHargue,https://www.goodreads.com/book/show/44781490-you-re-a-miracle-and-a-pain-in-the-ass?from_search=true&from_srp=true&qid=6TmoIdOVoQ&rank=1
A Monk's Guide to a Clean House and Mind,Shoukei Matsumoto,https://www.goodreads.com/book/show/35656221-a-monk-s-guide-to-a-clean-house-and-mind?from_search=true&from_srp=true&qid=XJPILNMyn0&rank=1
