Book ID,Goodreads Link,Goodreads Rating,Number of Ratings
0,https://www.goodreads.com/book/show/55789067-the-authenticity-project?from_search=true&from_srp=true&qid=jJDjLBD9iz&rank=1,3.96,36881.0
1,https://www.goodreads.com/book/show/52674676-miss-benson-s-beetle?from_search=true&from_srp=true&qid=1jAU2tnzNO&rank=1,4.1,20271.0
2,https://www.goodreads.com/book/show/37435.The_Secret_Life_of_Bees?ac=1&from_search=true&qid=SIRAyoAm34&rank=2,4.07,1174626.0
3,https://www.goodreads.com/book/show/43943459-a-single-thread?from_search=true&from_srp=true&qid=VLuhmnInNd&rank=1,3.74,19287.0
4,https://www.goodreads.com/book/show/1885.Pride_and_Prejudice?from_search=true&from_srp=true&qid=aZrfmFsptH&rank=2,4.27,3341776.0
5,https://www.goodreads.com/book/show/1549933.Roommates_Wanted?from_search=true&from_srp=true&qid=rz5jhsRjhu&rank=1,3.75,5909.0
6,https://www.goodreads.com/book/show/53746807-sparks-like-stars?from_search=true&from_srp=true&qid=z5uv4DLyAI&rank=1,4.35,5173.0
7,https://www.goodreads.com/book/show/3090348-devils?from_search=true&from_srp=true&qid=QcIOWH1UkL&rank=2,4.29,40994.0
8,https://www.goodreads.com/book/show/42933.Tai_Pan?from_search=true&from_srp=true&qid=rL6CKCbDmo&rank=3,4.27,48109.0
9,https://www.goodreads.com/book/show/44436221-interior-chinatown?from_search=true&from_srp=true&qid=fNnXcVj1xO&rank=1,4.04,31783.0
10,https://www.goodreads.com/book/show/9934441-galapagos?from_search=true&from_srp=true&qid=n6hnWMVnPh&rank=2,3.86,74505.0
11,https://www.goodreads.com/book/show/24717411-the-unexpected-inheritance-of-inspector-chopra?from_search=true&from_srp=true&qid=L30ybExvBn&rank=1,3.75,7108.0
12,https://www.goodreads.com/book/show/43723509-slay?from_search=true&from_srp=true&qid=Oso3SY7NAA&rank=1,4.27,10834.0
13,https://www.goodreads.com/book/show/7624133-a-summer-in-sonoma?from_search=true&from_srp=true&qid=jGluR8bCmh&rank=1,4.14,7678.0
14,https://www.goodreads.com/book/show/53415121-the-ex-talk?from_search=true&from_srp=true&qid=ewJGXiCWQH&rank=1,3.84,24114.0
15,https://www.goodreads.com/book/show/50496875-plain-bad-heroines?from_search=true&from_srp=true&qid=vtiMXacmCd&rank=1,3.67,10315.0
16,https://www.goodreads.com/book/show/32766483-the-bookshop-at-water-s-end?from_search=true&from_srp=true&qid=SSfuTkLVvW&rank=1,3.86,5474.0
17,https://www.goodreads.com/book/show/10134852-meet-me-at-the-cupcake-caf?from_search=true&from_srp=true&qid=WasPrbiiv7&rank=1,3.85,17564.0
18,https://www.goodreads.com/book/show/1781022.Great_Expectations_by_Charles_Dickens_Fiction_Classics?from_search=true&from_srp=true&qid=DxgHkAvSdi&rank=3,3.78,697173.0
19,https://www.goodreads.com/book/show/52576333-the-prophets?from_search=true&from_srp=true&qid=Otd0jG4xwY&rank=1,3.96,11517.0
20,https://www.goodreads.com/book/show/52610674-the-incredible-winston-browne?from_search=true&from_srp=true&qid=IT8cxrH5u7&rank=1,4.43,595.0
21,https://www.goodreads.com/book/show/12505.The_Idiot?from_search=true&from_srp=true&qid=bRhGo0Nw1T&rank=1,4.18,146714.0
22,https://www.goodreads.com/book/show/8495145-god-no-signs-you-may-already-be-an-atheist-and-other-magical-tales?from_search=true&from_srp=true&qid=I80qIPBoNC&rank=1,3.66,7543.0
23,https://www.goodreads.com/book/show/30184217-say-goodbye-for-now?from_search=true&from_srp=true&qid=BqX4o1Z0gP&rank=1,4.32,20637.0
24,https://www.goodreads.com/book/show/53733106-no-one-is-talking-about-this?from_search=true&from_srp=true&qid=tPBUTq6PcA&rank=1,3.69,11277.0
25,https://www.goodreads.com/book/show/40389026-summer-island?from_search=true&from_srp=true&qid=uyynJg70MY&rank=1,3.97,40462.0
26,https://www.goodreads.com/book/show/45422548-the-lost-orphan?from_search=true&from_srp=true&qid=SQ51tZUcpi&rank=1,4.02,14116.0
27,https://www.goodreads.com/book/show/120069.Summer_by_the_Sea?from_search=true&from_srp=true&qid=tYJVXSW6oh&rank=2,4.03,7673.0
28,https://www.goodreads.com/book/show/40244951-the-best-of-us?from_search=true&from_srp=true&qid=u7sWnXnrXu&rank=1,4.11,8479.0
29,https://www.goodreads.com/book/show/122311.Dancing_at_the_Rascal_Fair?from_search=true&from_srp=true&qid=JCvA08hpTA&rank=2,4.22,6214.0
30,https://www.goodreads.com/book/show/97862.One_Tuesday_Morning?from_search=true&from_srp=true&qid=mBZMDnfm3T&rank=1,4.38,18986.0
31,https://www.goodreads.com/book/show/52753733-musical-chairs?from_search=true&from_srp=true&qid=yK8CsXIL3F&rank=1,3.83,3767.0
32,https://www.goodreads.com/book/show/53146101-while-paris-slept?from_search=true&from_srp=true&qid=ePNg1jnI0X&rank=1,4.31,2693.0
33,https://www.goodreads.com/book/show/58207214-the-picture-of-dorian-gray-by-oscar-wilde?from_search=true&from_srp=true&qid=XvTsZDkR4H&rank=9,4.4,104.0
34,https://www.goodreads.com/book/show/52597312-utopia-avenue?from_search=true&from_srp=true&qid=75ElS8kEo1&rank=1,4.02,13972.0
35,https://www.goodreads.com/book/show/55333981-my-year-abroad?from_search=true&from_srp=true&qid=XUkyoJjvMs&rank=1,3.5,3613.0
36,https://www.goodreads.com/book/show/49978131-the-bitter-and-sweet-of-cherry-season?from_search=true&from_srp=true&qid=GvlkxAQX6T&rank=1,4.19,1158.0
37,https://www.goodreads.com/book/show/53914958-the-restoration-of-celia-fairchild?from_search=true&from_srp=true&qid=wSWMEXZeLs&rank=1,4.08,1717.0
38,https://www.goodreads.com/book/show/50368444-the-prisoner-s-wife?from_search=true&from_srp=true&qid=e8SVAkMNHU&rank=1,4.11,2100.0
39,https://www.goodreads.com/book/show/164531.The_Railway_Children?from_search=true&from_srp=true&qid=X7uxbHvSKy&rank=5,4.0,55079.0
40,https://www.goodreads.com/book/show/38180.On_the_Beach?from_search=true&from_srp=true&qid=Zp8qGhDp4q&rank=2,3.94,37948.0
41,https://www.goodreads.com/book/show/19241348-mind-tryst?from_search=true&from_srp=true&qid=G5E7GdfVcp&rank=1,3.95,972.0
42,https://www.goodreads.com/book/show/9954179-falling-home?from_search=true&from_srp=true&qid=GUpNgMK52G&rank=1,3.95,7448.0
43,https://www.goodreads.com/book/show/116449.The_Protector_s_War?from_search=true&from_srp=true&qid=yyGEwbv3MC&rank=1,3.98,8579.0
44,https://www.goodreads.com/book/show/16069313-lunch-with-buddha?from_search=true&from_srp=true&qid=8BUNRbkmDJ&rank=1,4.17,2023.0
45,https://www.goodreads.com/book/show/2743418-little-women-louisa-may-alcott?from_search=true&from_srp=true&qid=VKNpgGmNUq&rank=4,4.1,1823177.0
46,https://www.goodreads.com/book/show/29974914-the-mistress?from_search=true&from_srp=true&qid=Df1KaG9e9J&rank=1,3.85,9675.0
47,https://www.goodreads.com/book/show/2932.Robinson_Crusoe?from_search=true&from_srp=true&qid=Onytw4K9G7&rank=12,3.68,263737.0
48,https://www.goodreads.com/book/show/55276595-sunrise-by-the-sea?from_search=true&from_srp=true&qid=62xJhJ4IqA&rank=1,4.15,2095.0
49,https://www.goodreads.com/book/show/40655468-silent-night?from_search=true&from_srp=true&qid=zAtWTUGVwp&rank=1,4.08,5776.0
50,https://www.goodreads.com/book/show/45732027-fake-accounts?from_search=true&from_srp=true&qid=Zavu8BRoUt&rank=1,2.98,5135.0
51,https://www.goodreads.com/book/show/4772110-nocturnes?from_search=true&from_srp=true&qid=2M9fTVl09y&rank=1,3.49,20562.0
52,https://www.goodreads.com/book/show/77156.Plainsong?from_search=true&from_srp=true&qid=YtzQJBnTbY&rank=3,4.01,68611.0
53,https://www.goodreads.com/book/show/9632886-the-girl-in-the-garden?from_search=true&from_srp=true&qid=8w38U4ea0U&rank=1,3.8,2899.0
54,https://www.goodreads.com/book/show/35130968-a-dog-s-way-home?from_search=true&from_srp=true&qid=hicrJOZqsl&rank=3,4.2,11791.0
55,https://www.goodreads.com/book/show/32349.Mutant_Message_Down_Under?from_search=true&from_srp=true&qid=bNT8mKNamX&rank=2,3.76,18839.0
56,https://www.goodreads.com/book/show/54359466-black-girl-call-home?from_search=true&from_srp=true&qid=c9PBopUobW&rank=1,4.45,1485.0
57,https://www.goodreads.com/book/show/53441181-the-removed?from_search=true&from_srp=true&qid=PFZyRAV0cq&rank=1,3.39,8070.0
58,https://www.goodreads.com/book/show/54303938-the-memory-collectors?from_search=true&from_srp=true&qid=3Ebb0J8Pye&rank=1,3.75,1138.0
59,https://www.goodreads.com/book/show/43615778-your-house-will-pay?from_search=true&from_srp=true&qid=7buqbv63NA&rank=1,4.11,6361.0
60,https://www.goodreads.com/book/show/53402121-we-run-the-tides?from_search=true&from_srp=true&qid=QFC34wmSAP&rank=1,3.69,6154.0
61,https://www.goodreads.com/book/show/1536419.Killing_Rommel?from_search=true&from_srp=true&qid=ZSrtGpy3j8&rank=1,3.96,3566.0
62,https://www.goodreads.com/book/show/129562.Maggie?from_search=true&from_srp=true&qid=7mMpYzM1xC&rank=1,4.29,3876.0
63,https://www.goodreads.com/book/show/359455.True_Devotion?from_search=true&from_srp=true&qid=GnJRmvjlnX&rank=1,4.25,12645.0
64,https://www.goodreads.com/book/show/45899334-meg-and-jo?from_search=true&from_srp=true&qid=gzg0foDqQA&rank=1,3.68,5436.0
65,https://www.goodreads.com/book/show/51194669-the-silent-treatment?from_search=true&from_srp=true&qid=kKFlzzGN4T&rank=1,3.76,4591.0
66,https://www.goodreads.com/book/show/35889209-white-rose-black-forest?from_search=true&from_srp=true&qid=Sox2rNeAAG&rank=1,4.08,53909.0
67,https://www.goodreads.com/book/show/45422563-the-secrets-of-love-story-bridge?from_search=true&from_srp=true&qid=Av74R4ZlP5&rank=1,3.64,2517.0
68,https://www.goodreads.com/book/show/40611133-ellie-and-the-harpmaker?from_search=true&from_srp=true&qid=Rk25caEOBn&rank=1,3.84,5218.0
69,https://www.goodreads.com/book/show/54287614-the-jam-and-jelly-nook?from_search=true&from_srp=true&qid=5dbVnKgJ1B&rank=1,4.55,383.0
70,https://www.goodreads.com/book/show/49348458-i-was-told-it-would-get-easier?from_search=true&from_srp=true&qid=Jl5k21V9pN&rank=1,3.71,7489.0
71,https://www.goodreads.com/book/show/43884183-the-other-windsor-girl?from_search=true&from_srp=true&qid=jFc2tV8cm0&rank=1,3.6,3788.0
72,https://www.goodreads.com/book/show/50892208-dark-horses?from_search=true&from_srp=true&qid=yvBYoNV86c&rank=1,3.99,2665.0
73,https://www.goodreads.com/book/show/44131181-saving-ruby-king?from_search=true&from_srp=true&qid=gv0jV32PwB&rank=1,3.94,4007.0
74,https://www.goodreads.com/book/show/41861731-dear-haiti-love-alaine?from_search=true&from_srp=true&qid=8FDy29uhtV&rank=1,3.75,3276.0
75,https://www.goodreads.com/book/show/54641142-the-good-soldier-by-ford-madox-ford-the-fully-updated-annotated-edition?from_search=true&from_srp=true&qid=eLdWpjPOwV&rank=12,3.7,23648.0
76,https://www.goodreads.com/book/show/52163643-the-unraveling-of-cassidy-holmes?from_search=true&from_srp=true&qid=iEFp9PGEJQ&rank=1,3.51,11608.0
77,https://www.goodreads.com/book/show/52198084-and-they-called-it-camelot?from_search=true&from_srp=true&qid=1dbuFATcS9&rank=1,4.21,3320.0
78,https://www.goodreads.com/book/show/8127.Anne_of_Green_Gables?from_search=true&from_srp=true&qid=N41A2q6ehv&rank=1,4.26,807361.0
79,https://www.goodreads.com/book/show/53231973-the-charmed-wife?from_search=true&from_srp=true&qid=9vNMsW5Bas&rank=1,3.2,1368.0
80,https://www.goodreads.com/book/show/40535998-the-unbreakables?from_search=true&from_srp=true&qid=1wuSBfA1nu&rank=1,3.68,2489.0
81,https://www.goodreads.com/book/show/50162082-of-literature-and-lattes?from_search=true&from_srp=true&qid=osfPvfcNfl&rank=1,3.68,2365.0
82,https://www.goodreads.com/book/show/51162559-the-rock-hole?from_search=true&from_srp=true&qid=lyhJlTEuUT&rank=1,3.91,670.0
83,https://www.goodreads.com/book/show/53330116-sophomores?from_search=true&from_srp=true&qid=UK1jZNfYt3&rank=1,3.44,669.0
84,https://www.goodreads.com/book/show/51475363-the-orchard?from_search=true&from_srp=true&qid=gyLlhDe8P7&rank=1,3.63,2136.0
85,https://www.goodreads.com/book/show/48890204-sad-janet?from_search=true&from_srp=true&qid=GmvW64GT2D&rank=1,3.35,1258.0
86,https://www.goodreads.com/book/show/44540158-the-innocents?from_search=true&from_srp=true&qid=nZeUVOLvs6&rank=1,3.82,6235.0
88,https://www.goodreads.com/book/show/51846014-under-the-rainbow?from_search=true&from_srp=true&qid=6GKvEMAz0X&rank=1,3.81,1894.0
89,https://www.goodreads.com/book/show/43744294-the-swallows?from_search=true&from_srp=true&qid=gslqUtj2Gv&rank=1,3.68,6466.0
90,https://www.goodreads.com/book/show/43289181-cantoras?from_search=true&from_srp=true&qid=lY8H5xjQgI&rank=1,4.38,3368.0
91,https://www.goodreads.com/book/show/49098281-the-end-of-her?from_search=true&from_srp=true&qid=HcKWRm7ugI&rank=1,3.8,39658.0
92,https://www.goodreads.com/book/show/32456.Darkfall?from_search=true&from_srp=true&qid=S7Nv75V3yI&rank=1,3.83,19793.0
93,https://www.goodreads.com/book/show/53387949-the-burning-girls?from_search=true&from_srp=true&qid=wD5BEJdoNL&rank=1,4.05,12226.0
94,https://www.goodreads.com/book/show/211161.Blood_Hollow?from_search=true&from_srp=true&qid=e47Yscuvtu&rank=2,4.15,8549.0
95,https://www.goodreads.com/book/show/32442.Cold_Fire?from_search=true&from_srp=true&qid=MGq7cCvsnL&rank=3,3.8,23493.0
96,https://www.goodreads.com/book/show/44582899-framed?from_search=true&from_srp=true&qid=KuexAXC9yO&rank=1,3.77,801.0
97,https://www.goodreads.com/book/show/6541.Cause_of_Death?from_search=true&from_srp=true&qid=XzRLGEU0Vc&rank=1,3.94,47100.0
98,https://www.goodreads.com/book/show/18693854-fast-track?from_search=true&from_srp=true&qid=TVGtBdaSNO&rank=1,4.02,9197.0
99,https://www.goodreads.com/book/show/114143.The_Reef?from_search=true&from_srp=true&qid=M8IEYSRZzh&rank=2,3.93,18259.0
100,https://www.goodreads.com/book/show/16361.The_Secret_of_Chimneys?from_search=true&from_srp=true&qid=x94jVsPRUw&rank=1,3.86,18791.0
101,https://www.goodreads.com/book/show/7663.A_Case_of_Need?from_search=true&from_srp=true&qid=29Q34UuWsz&rank=1,3.73,38893.0
102,https://www.goodreads.com/book/show/3265305-bruno-chief-of-police?from_search=true&from_srp=true&qid=XLsm7DfM2j&rank=2,3.87,13789.0
103,https://www.goodreads.com/book/show/12035966-brownies-and-broomsticks?from_search=true&from_srp=true&qid=YZu0CAQj1X&rank=1,3.82,8547.0
104,https://www.goodreads.com/book/show/20453431-post-human-omnibus?from_search=true&from_srp=true&qid=6l8jNlZydE&rank=1,3.75,4314.0
105,https://www.goodreads.com/book/show/41955498-haunted-house?from_search=true&from_srp=true&qid=66XQR5gEzC&rank=3,3.84,3144.0
106,https://www.goodreads.com/book/show/383513.For_the_Love_of_Mike?from_search=true&from_srp=true&qid=kbIfRGKpvI&rank=1,3.94,5939.0
107,https://www.goodreads.com/book/show/22522168-no-fortunate-son?from_search=true&from_srp=true&qid=mKSfOE5eCj&rank=2,4.36,4542.0
108,https://www.goodreads.com/book/show/15806961-enemy-of-mine?from_search=true&from_srp=true&qid=08S7h2KjuT&rank=1,4.23,6565.0
109,https://www.goodreads.com/book/show/22467404-the-other-side-of-midnight?from_search=true&from_srp=true&qid=WmNNGkasxN&rank=1,3.9,5103.0
110,https://www.goodreads.com/book/show/40718386-the-passengers?from_search=true&from_srp=true&qid=gFm7HJKzQf&rank=1,4.09,17773.0
111,https://www.goodreads.com/book/show/53723011-greyhound-movie-tie-in?from_search=true&from_srp=true&qid=9K4G7NoFfh&rank=1,4.15,8940.0
112,https://www.goodreads.com/book/show/53914898-pride-and-premeditation?from_search=true&from_srp=true&qid=UERXSHIgZG&rank=1,3.82,4960.0
113,https://www.goodreads.com/book/show/46039026-the-third-to-die?from_search=true&from_srp=true&qid=kuLTDvWSAz&rank=1,4.22,3919.0
114,https://www.goodreads.com/book/show/54287700-three-missing-days?from_search=true&from_srp=true&qid=w4zhedgkpV&rank=1,4.24,1794.0
115,https://www.goodreads.com/book/show/424644.Tonight_I_Said_Goodbye?from_search=true&from_srp=true&qid=pQJOn68XZr&rank=1,3.83,3770.0
116,https://www.goodreads.com/book/show/30359750-a-deadly-distance?from_search=true&from_srp=true&qid=RKsG4YWUzW&rank=1,4.03,7249.0
117,https://www.goodreads.com/book/show/93812.Sanibel_Flats?from_search=true&from_srp=true&qid=aOBg1N3BoH&rank=2,3.87,6158.0
118,https://www.goodreads.com/book/show/9647908-the-ideal-man?from_search=true&from_srp=true&qid=QCW3XABQOO&rank=1,3.97,16321.0
119,https://www.goodreads.com/book/show/57351862-fortune-furlough?from_search=true&from_srp=true&qid=r9q36o6G6Q&rank=2,5.0,3.0
120,https://www.goodreads.com/book/show/55707640-shiver?from_search=true&from_srp=true&qid=3oY8StDJeh&rank=1,3.83,7764.0
121,https://www.goodreads.com/book/show/51960928-in-the-clearing?from_search=true&from_srp=true&qid=RnwuPmoVA9&rank=1,4.13,2360.0
122,https://www.goodreads.com/book/show/43353827-the-woman-i-was-before?from_search=true&from_srp=true&qid=mfCI5zhmiM&rank=1,3.89,7731.0
123,https://www.goodreads.com/book/show/43170493-finding-grace?from_search=true&from_srp=true&qid=qNsJ2YqiDE&rank=1,3.96,4937.0
124,https://www.goodreads.com/book/show/49093787-their-last-secret?from_search=true&from_srp=true&qid=8CURXNw6qS&rank=1,4.16,559.0
125,https://www.goodreads.com/book/show/181404.Sleeping_with_Strangers?from_search=true&from_srp=true&qid=YBlVP1V3i8&rank=1,4.34,5756.0
126,https://www.goodreads.com/book/show/149426.Mrs_Pollifax_on_the_China_Station?from_search=true&from_srp=true&qid=nbpVAj0gjZ&rank=1,4.15,4740.0
127,https://www.goodreads.com/book/show/49958807-don-t-even-breathe?from_search=true&from_srp=true&qid=R9E3IJ6nDW&rank=1,3.96,7539.0
128,https://www.goodreads.com/book/show/7243435-they-re-watching?from_search=true&from_srp=true&qid=oPwu8BteIZ&rank=1,3.73,3663.0
129,https://www.goodreads.com/book/show/43193837-good-girls-lie?from_search=true&from_srp=true&qid=CoywdBsNmH&rank=1,3.85,14890.0
130,https://www.goodreads.com/book/show/52588702-the-summer-house?from_search=true&from_srp=true&qid=hnTfOIHMAl&rank=1,4.08,19569.0
131,https://www.goodreads.com/book/show/1125294.Hunter_s_Way?from_search=true&from_srp=true&qid=uT8fiRKezn&rank=1,4.21,3514.0
132,https://www.goodreads.com/book/show/35086210-a-gambler-s-jury?from_search=true&from_srp=true&qid=mRTZRohMdM&rank=1,4.36,5929.0
133,https://www.goodreads.com/book/show/6538757-rock-chick?from_search=true&from_srp=true&qid=M0bR4lAOtX&rank=1,4.17,54885.0
134,https://www.goodreads.com/book/show/8697191-you-belong-to-me?from_search=true&from_srp=true&qid=hNBGRw2zm3&rank=1,4.17,8410.0
135,https://www.goodreads.com/book/show/22844518-amid-the-shadows?from_search=true&from_srp=true&qid=uIiLjIyOqq&rank=1,3.93,5131.0
136,https://www.goodreads.com/book/show/46158562-the-deep?from_search=true&from_srp=true&qid=k0aAAi0eyl&rank=1,3.37,5738.0
137,https://www.goodreads.com/book/show/36296239-island-of-the-mad?from_search=true&from_srp=true&qid=FyERyYfpxo&rank=1,4.05,5427.0
138,https://www.goodreads.com/book/show/53916166-blink-of-an-eye?from_search=true&from_srp=true&qid=lamZkbdmp4&rank=1,4.15,2067.0
139,https://www.goodreads.com/book/show/31697706-cold-harbor?from_search=true&from_srp=true&qid=kRghGNvDGj&rank=1,4.16,6355.0
140,https://www.goodreads.com/book/show/45141896-the-bodies-in-the-library?from_search=true&from_srp=true&qid=85SJ5afz7c&rank=1,3.66,1409.0
141,https://www.goodreads.com/book/show/129561.A_Test_of_Wills?from_search=true&from_srp=true&qid=2d56gCYnDL&rank=1,3.88,15517.0
142,https://www.goodreads.com/book/show/45422551-the-last-to-see-her?from_search=true&from_srp=true&qid=DIe0Ow6yvC&rank=1,3.46,1469.0
143,https://www.goodreads.com/book/show/43986727-first-cut?from_search=true&from_srp=true&qid=j0rD17CTAu&rank=1,3.81,1180.0
144,https://www.goodreads.com/book/show/32446949-the-punch-escrow?from_search=true&from_srp=true&qid=41dxBixH69&rank=1,3.61,5118.0
145,https://www.goodreads.com/book/show/54236137-a-crooked-tree?from_search=true&from_srp=true&qid=I6YaLJeEDn&rank=1,3.81,2736.0
146,https://www.goodreads.com/book/show/50358134-none-shall-sleep?from_search=true&from_srp=true&qid=BlgMJWJtHO&rank=1,4.01,2850.0
147,https://www.goodreads.com/book/show/43599925-the-kill-club?from_search=true&from_srp=true&qid=v0sokcXtMi&rank=1,3.98,1161.0
148,https://www.goodreads.com/book/show/44525771-a-madness-of-sunshine?from_search=true&from_srp=true&qid=fRZ9cjslPJ&rank=1,3.86,6353.0
149,https://www.goodreads.com/book/show/40917716-the-glass-woman?from_search=true&from_srp=true&qid=dAScbaX97m&rank=1,3.73,4577.0
150,https://www.goodreads.com/book/show/39918548-salvation-day?from_search=true&from_srp=true&qid=cHgQ5kjyIc&rank=1,3.75,1251.0
151,https://www.goodreads.com/book/show/54304103-do-no-harm?from_search=true&from_srp=true&qid=a9XJ4sv1Da&rank=1,3.63,3284.0
152,https://www.goodreads.com/book/show/43913930-the-prized-girl?from_search=true&from_srp=true&qid=hEpbSIkBYm&rank=1,3.68,2124.0
153,https://www.goodreads.com/book/show/71845.Bad_Monkeys?from_search=true&from_srp=true&qid=e0XQrSSgfS&rank=1,3.62,9571.0
154,https://www.goodreads.com/book/show/39973248-the-favorite-daughter?from_search=true&from_srp=true&qid=KYqxU1d24C&rank=1,3.51,6955.0
155,https://www.goodreads.com/book/show/71864.The_Dead_of_Night?from_search=true&from_srp=true&qid=cP8wt1E9xg&rank=2,4.11,21534.0
156,https://www.goodreads.com/book/show/33630709-the-homecoming?from_search=true&from_srp=true&qid=zbxHrWs50i&rank=1,4.01,992.0
157,https://www.goodreads.com/book/show/50608676-black-leopard-red-wolf?from_search=true&from_srp=true&qid=Hhm8hUqnmH&rank=2,3.43,19427.0
158,https://www.goodreads.com/book/show/51068836-nordic-tales?from_search=true&from_srp=true&qid=iPpTtsO3ba&rank=1,4.0,750.0
159,https://www.goodreads.com/book/show/36524503-the-bone-houses?from_search=true&from_srp=true&qid=jT16do40l9&rank=1,4.02,12656.0
160,https://www.goodreads.com/book/show/42074525-the-city-we-became?from_search=true&from_srp=true&qid=hMOsNxAEbE&rank=1,3.95,38892.0
161,https://www.goodreads.com/book/show/9640626-my-life-as-a-white-trash-zombie?from_search=true&from_srp=true&qid=POozB96p4X&rank=1,3.94,12704.0
162,https://www.goodreads.com/book/show/7302794-bearers-of-the-black-staff?from_search=true&from_srp=true&qid=HFvzGtPgmu&rank=1,4.05,9847.0
163,https://www.goodreads.com/book/show/43521682-the-bone-ships?from_search=true&from_srp=true&qid=k9goaRMZnL&rank=1,4.12,3018.0
164,https://www.goodreads.com/book/show/13810.Magician?from_search=true&from_srp=true&qid=h57zuHHdma&rank=4,4.21,71476.0
165,https://www.goodreads.com/book/show/302625.Nemesis?from_search=true&from_srp=true&qid=ZyBnksxo4Q&rank=1,3.8,16786.0
166,https://www.goodreads.com/book/show/42117981-pan-s-labyrinth?from_search=true&from_srp=true&qid=3Q8TB28mQt&rank=1,4.29,11031.0
167,https://www.goodreads.com/book/show/18884.Polgara_the_Sorceress?from_search=true&from_srp=true&qid=GPceZEdghB&rank=1,4.1,27868.0
168,https://www.goodreads.com/book/show/5797595-thirteenth-child?from_search=true&from_srp=true&qid=c0JLGw9QNa&rank=1,3.82,11213.0
169,https://www.goodreads.com/book/show/218453.The_Gripping_Hand?from_search=true&from_srp=true&qid=y8NOxCylgj&rank=1,3.82,11022.0
170,https://www.goodreads.com/book/show/89184.Absolution_Gap?from_search=true&from_srp=true&qid=z6LYO8AfLI&rank=1,4.01,20676.0
171,https://www.goodreads.com/book/show/23281944-day-shift?from_search=true&from_srp=true&qid=RojDd3Wpcm&rank=1,3.99,19875.0
172,https://www.goodreads.com/book/show/41211815-aftershocks?from_search=true&from_srp=true&qid=zlTLN2ZJ63&rank=1,4.1,6402.0
173,https://www.goodreads.com/book/show/4071860-ecstasy?from_search=true&from_srp=true&qid=XtV5YgYZVj&rank=1,3.99,8111.0
174,https://www.goodreads.com/book/show/13545075-unwholly?from_search=true&from_srp=true&qid=g4Zz7ozdS2&rank=1,4.25,51171.0
175,https://www.goodreads.com/book/show/11698192-thinblade?from_search=true&from_srp=true&qid=tcZO9swRxy&rank=1,3.94,6407.0
176,https://www.goodreads.com/book/show/66683.The_Thousand_Orcs?from_search=true&from_srp=true&qid=7no9Ck1lam&rank=1,4.11,18894.0
177,https://www.goodreads.com/book/show/43506916-a-cosmology-of-monsters?from_search=true&from_srp=true&qid=7KDSRX32C3&rank=1,3.8,6022.0
178,https://www.goodreads.com/book/show/38362809-rosewater?from_search=true&from_srp=true&qid=l6EzWFVKMM&rank=1,3.78,10475.0
179,https://www.goodreads.com/book/show/49649443-things-in-jars?from_search=true&from_srp=true&qid=RfBDiYKuF0&rank=1,3.72,16090.0
180,https://www.goodreads.com/book/show/7828882-crave?from_search=true&from_srp=true&qid=awcKqmnNgO&rank=1,4.06,30753.0
181,https://www.goodreads.com/book/show/36457735-wild-hunger?from_search=true&from_srp=true&qid=e3wYznG8f9&rank=1,4.1,4587.0
182,https://www.goodreads.com/book/show/51115113-small-magic?from_search=true&from_srp=true&qid=UvKo5LqiIs&rank=1,4.23,261.0
183,https://www.goodreads.com/book/show/53341666-a-dark-and-hollow-star?from_search=true&from_srp=true&qid=2287xgI5Yr&rank=1,3.85,3228.0
184,https://www.goodreads.com/book/show/9553.Shadow_Game?from_search=true&from_srp=true&qid=0i2iXJNNPM&rank=1,4.06,21605.0
185,https://www.goodreads.com/book/show/18160491-soldiers-of-fortune?from_search=true&from_srp=true&qid=s1RdwtwH99&rank=1,4.22,3513.0
186,https://www.goodreads.com/book/show/15981536-the-essential-novels?from_search=true&from_srp=true&qid=ieodBpPzjR&rank=14,4.76,17.0
187,https://www.goodreads.com/book/show/54735156-the-absolute-book?from_search=true&from_srp=true&qid=CCryZZuGr8&rank=1,3.39,2163.0
191,https://www.goodreads.com/book/show/41716865-an-orc-on-the-wild-side?from_search=true&from_srp=true&qid=PbcXgUl171&rank=1,3.67,601.0
192,https://www.goodreads.com/book/show/27206615-the-forgetting-moon?from_search=true&from_srp=true&qid=hfSg7Wg9x5&rank=1,3.91,950.0
193,https://www.goodreads.com/book/show/58871904-forward?from_search=true&from_srp=true&qid=EN3WqOo4U6&rank=2,4.09,13222.0
194,https://www.goodreads.com/book/show/61904.Paladin_of_Souls?from_search=true&from_srp=true&qid=0hNtd1iLE5&rank=1,4.17,22530.0
195,https://www.goodreads.com/book/show/13543039-clean?from_search=true&from_srp=true&qid=mv7d1tNRlQ&rank=1,3.74,3331.0
198,https://www.goodreads.com/book/show/36584870-the-rule-of-one?from_search=true&from_srp=true&qid=1iPLpDwdMO&rank=1,3.76,11181.0
200,https://www.goodreads.com/book/show/8140731-bloodshot?from_search=true&from_srp=true&qid=oTysxQT0VK&rank=1,3.61,3339.0
201,https://www.goodreads.com/book/show/762053.Key_of_Light?from_search=true&from_srp=true&qid=J5z1jMPYlH&rank=1,4.17,57774.0
202,https://www.goodreads.com/book/show/55978035-operation-k-9-brothers?from_search=true&from_srp=true&qid=62s6ijWQtO&rank=1,4.44,465.0
203,https://www.goodreads.com/book/show/25564665-the-mistake?from_search=true&from_srp=true&qid=IKBd3geGxY&rank=1,4.1,115549.0
204,https://www.goodreads.com/book/show/27274410-where-the-wild-things-bite?from_search=true&from_srp=true&qid=43mvM6DBiX&rank=1,4.01,3416.0
205,https://www.goodreads.com/book/show/43534455-to-all-the-boys-i-ve-loved-before-trilogy-box-set-jenny-han-complete-col?from_search=true&from_srp=true&qid=q7WYoogv93&rank=1,4.41,2400.0
207,https://www.goodreads.com/book/show/13497180-games-of-the-heart?from_search=true&from_srp=true&qid=KNwnrLIeHH&rank=1,4.4,20785.0
208,https://www.goodreads.com/book/show/28639249-royal?from_search=true&from_srp=true&qid=MdlA5ch6Lz&rank=1,3.8,10428.0
209,https://www.goodreads.com/book/show/25824668-ryker?from_search=true&from_srp=true&qid=15k5bm7EhW&rank=1,4.0,6953.0
210,https://www.goodreads.com/book/show/10378106-never-love-a-highlander?from_search=true&from_srp=true&qid=yzCfAjTFSo&rank=1,4.22,24531.0
211,https://www.goodreads.com/book/show/110386.To_Sir_Phillip_With_Love?from_search=true&from_srp=true&qid=9ZJli7tcrL&rank=1,3.83,82850.0
212,https://www.goodreads.com/book/show/54326395-the-dating-plan?from_search=true&from_srp=true&qid=SnkZU83OpJ&rank=1,3.7,19668.0
213,https://www.goodreads.com/book/show/44220698-leave-me-breathless?from_search=true&from_srp=true&qid=8l0WcBwNnL&rank=1,4.2,3557.0
214,https://www.goodreads.com/book/show/37808209-found?from_search=true&from_srp=true&qid=SViGeq7C9X&rank=1,4.34,2972.0
215,https://www.goodreads.com/book/show/49203369-tools-of-engagement?from_search=true&from_srp=true&qid=mYRGv8c9QH&rank=1,3.74,12590.0
216,https://www.goodreads.com/book/show/39216157-when-a-rogue-meets-his-match?from_search=true&from_srp=true&qid=QYtUT4dPCW&rank=1,3.75,1427.0
217,https://www.goodreads.com/book/show/20835344-highland-fire?from_search=true&from_srp=true&qid=LIlX2UcwVt&rank=1,4.11,3147.0
218,https://www.goodreads.com/book/show/27387202-doing-it-over?from_search=true&from_srp=true&qid=MsR6KKICWu&rank=1,4.12,15845.0
219,https://www.goodreads.com/book/show/34945008-dr-ob?from_search=true&from_srp=true&qid=MlMoX3zVy7&rank=1,4.03,7261.0
220,https://www.goodreads.com/book/show/15954546-not-quite-dating?from_search=true&from_srp=true&qid=cOoIp8dFz7&rank=1,3.92,23611.0
221,https://www.goodreads.com/book/show/36462258-spin?from_search=true&from_srp=true&qid=x9s7qvN9a1&rank=1,3.86,8995.0
222,https://www.goodreads.com/book/show/48847096-in-the-unlikely-event?from_search=true&from_srp=true&qid=P6ZYNGJg0N&rank=1,3.8,28936.0
223,https://www.goodreads.com/book/show/51203849-all-i-ask?from_search=true&from_srp=true&qid=VSIYwLixD6&rank=1,4.0,3379.0
224,https://www.goodreads.com/book/show/30164950-driven?from_search=true&from_srp=true&qid=5DEZUyZWu1&rank=3,4.28,57133.0
225,https://www.goodreads.com/book/show/54238295-a-pho-love-story?from_search=true&from_srp=true&qid=Mb0TmnJQ7D&rank=1,3.76,6835.0
226,https://www.goodreads.com/book/show/25530076-anything-for-you?from_search=true&from_srp=true&qid=ls4eNXUAWA&rank=1,4.04,8070.0
228,https://www.goodreads.com/book/show/36325400-defiant-queen?from_search=true&from_srp=true&qid=0iw4lLPxYi&rank=1,4.31,20980.0
229,https://www.goodreads.com/book/show/44596261-kingdom-of-souls?from_search=true&from_srp=true&qid=bz1kY9o1pW&rank=1,3.75,4052.0
231,https://www.goodreads.com/book/show/41757728-no-tomorrow?from_search=true&from_srp=true&qid=cfoiPrHSfX&rank=1,4.29,8650.0
232,https://www.goodreads.com/book/show/35680081-the-secret-pond?from_search=true&from_srp=true&qid=zOTnjUmCLO&rank=1,4.26,907.0
233,https://www.goodreads.com/book/show/37765959-casting-lacey?from_search=true&from_srp=true&qid=mhD86ob9q4&rank=1,4.24,2452.0
234,https://www.goodreads.com/book/show/15954544-where-the-wind-blows?from_search=true&from_srp=true&qid=GTNsBXMDcW&rank=1,4.07,5348.0
235,https://www.goodreads.com/book/show/9758743-when-you-dare?from_search=true&from_srp=true&qid=QVYGNTnVDm&rank=1,4.17,13599.0
236,https://www.goodreads.com/book/show/420737.Son_of_the_Morning?from_search=true&from_srp=true&qid=jysVS1hFV2&rank=1,3.97,7369.0
237,https://www.goodreads.com/book/show/17346553-the-unwanted-wife?from_search=true&from_srp=true&qid=z2N4gGamaC&rank=1,3.94,30419.0
238,https://www.goodreads.com/book/show/43701060-wild-rain?from_search=true&from_srp=true&qid=WU0Po4tSJn&rank=1,4.25,1238.0
239,https://www.goodreads.com/book/show/7203690-chasing-perfect?from_search=true&from_srp=true&qid=g2ChOzK56P&rank=2,3.9,22399.0
240,https://www.goodreads.com/book/show/23274098-only-a-promise?from_search=true&from_srp=true&qid=NVgRJ00M8T&rank=1,3.97,5934.0
241,https://www.goodreads.com/book/show/159767.Extreme_Exposure?from_search=true&from_srp=true&qid=5e66UNtt4h&rank=1,3.92,14086.0
242,https://www.goodreads.com/book/show/40190305-like-a-love-story?from_search=true&from_srp=true&qid=38iOtO2xab&rank=1,4.3,9669.0
243,https://www.goodreads.com/book/show/35247769-always-and-forever-lara-jean?from_search=true&from_srp=true&qid=h8Aqw1WIYR&rank=1,4.07,184328.0
244,https://www.goodreads.com/book/show/31931941-eliza-and-her-monsters?from_search=true&from_srp=true&qid=nvYR37LaQ5&rank=1,4.16,57570.0
245,https://www.goodreads.com/book/show/23559994-loveboat-taipei?from_search=true&from_srp=true&qid=HMuSwRMirj&rank=1,3.76,11031.0
246,https://www.goodreads.com/book/show/45306326-stay-gold?from_search=true&from_srp=true&qid=2x7sS9ENxe&rank=1,3.88,4148.0
248,https://www.goodreads.com/book/show/25810606-the-atomic-weight-of-love?from_search=true&from_srp=true&qid=ukMm4bzqwr&rank=1,3.92,7220.0
249,https://www.goodreads.com/book/show/36041506-unraveled?from_search=true&from_srp=true&qid=7Wx7EggkRA&rank=1,4.47,6516.0
250,https://www.goodreads.com/book/show/52063378-super-host?from_search=true&from_srp=true&qid=TMIvg1PHTE&rank=1,3.4,2022.0
251,https://www.goodreads.com/book/show/53402132-liftoff?from_search=true&from_srp=true&qid=WX2LOafMvD&rank=1,4.54,2175.0
252,https://www.goodreads.com/book/show/52942957-eat-pray-fml?from_search=true&from_srp=true&qid=BCQlzVbP7Y&rank=3,3.76,2871.0
254,https://www.goodreads.com/book/show/106610.Amazing_Grace?from_search=true&from_srp=true&qid=VxSFdl2KzE&rank=1,4.02,9127.0
255,https://www.goodreads.com/book/show/53358819-the-dynasty?from_search=true&from_srp=true&qid=mUXcK5Bamu&rank=1,4.46,1547.0
256,https://www.goodreads.com/book/show/43495368-building-a-life-worth-living?from_search=true&from_srp=true&qid=nHJfXrRDhs&rank=1,4.09,1563.0
257,https://www.goodreads.com/book/show/266346.Every_Breath_You_Take?from_search=true&from_srp=true&qid=Uao8qRegY2&rank=1,4.03,6942.0
258,https://www.goodreads.com/book/show/17286694-coreyography?from_search=true&from_srp=true&qid=lN5fwXxl5g&rank=1,3.78,6431.0
259,https://www.goodreads.com/book/show/17570753-dirty-rocker-boys?from_search=true&from_srp=true&qid=cpIANvdwHD&rank=1,3.76,3047.0
260,https://www.goodreads.com/book/show/42117326-demonic-foes?from_search=true&from_srp=true&qid=Lzsh2JDw4f&rank=1,3.79,233.0
263,https://www.goodreads.com/book/show/51927994-this-is-what-america-looks-like?from_search=true&from_srp=true&qid=ypjNTvkkh0&rank=1,4.26,1933.0
264,https://www.goodreads.com/book/show/56563411-black-white-and-the-grey?from_search=true&from_srp=true&qid=Xww6eJyaCM&rank=1,4.1,402.0
265,https://www.goodreads.com/book/show/44064563-when-life-gives-you-pears?from_search=true&from_srp=true&qid=iA3H13LAKc&rank=1,4.19,5032.0
266,https://www.goodreads.com/book/show/43386063-kindness-and-wonder?from_search=true&from_srp=true&qid=bVNsiUFJMx&rank=1,4.18,1818.0
267,https://www.goodreads.com/book/show/45320545-disney-s-land?from_search=true&from_srp=true&qid=SnrQXuAmSq&rank=1,3.98,1574.0
268,https://www.goodreads.com/book/show/40696937-yogi?from_search=true&from_srp=true&qid=T8gc36dDQr&rank=1,4.5,449.0
270,https://www.goodreads.com/book/show/3425474-no-angel?from_search=true&from_srp=true&qid=48K5kPKU1z&rank=1,3.81,5474.0
271,https://www.goodreads.com/book/show/43838523-all-blood-runs-red?from_search=true&from_srp=true&qid=gqHqwHhtVs&rank=1,4.19,722.0
272,https://www.goodreads.com/book/show/46033572-imperfect-union?from_search=true&from_srp=true&qid=6LWf6gj5og&rank=1,3.87,1025.0
273,https://www.goodreads.com/book/show/43211952-haben?from_search=true&from_srp=true&qid=N88XMQfJy3&rank=1,4.21,2588.0
274,https://www.goodreads.com/book/show/41880041-running-to-the-edge?from_search=true&from_srp=true&qid=pUFxi4sUqK&rank=1,4.18,1000.0
275,https://www.goodreads.com/book/show/40410342-becoming-dr-seuss?from_search=true&from_srp=true&qid=vki7Exnep8&rank=1,4.18,1121.0
276,https://www.goodreads.com/book/show/43626635-the-movie-musical?from_search=true&from_srp=true&qid=9iZLUI1hW6&rank=1,3.9,218.0
277,https://www.goodreads.com/book/show/50353733-made-men?from_search=true&from_srp=true&qid=FOoEeLIQQE&rank=1,3.72,527.0
278,https://www.goodreads.com/book/show/7845156-put-on-your-crown?from_search=true&from_srp=true&qid=KoCsyFOkOE&rank=1,3.85,655.0
279,https://www.goodreads.com/book/show/48995022-god-level-knowledge-darts?from_search=true&from_srp=true&qid=eYqOmIIAaK&rank=1,4.08,1587.0
280,https://www.goodreads.com/book/show/52167161-sitting-pretty?from_search=true&from_srp=true&qid=CRdJlDDqSh&rank=1,4.57,2465.0
282,https://www.goodreads.com/book/show/44149851-the-life-and-afterlife-of-harry-houdini?from_search=true&from_srp=true&qid=VmskOEoSo3&rank=1,3.82,754.0
283,https://www.goodreads.com/book/show/42398630-run-to-the-sound-of-the-guns?from_search=true&from_srp=true&qid=6m2meO31n7&rank=1,3.8,157.0
285,https://www.goodreads.com/book/show/55898097-every-day-is-a-gift?from_search=true&from_srp=true&qid=CW8DgjJnAz&rank=1,4.64,1268.0
288,https://www.goodreads.com/book/show/44908180-medallion-status?from_search=true&from_srp=true&qid=ugkUh0oUzF&rank=1,4.16,4261.0
289,https://www.goodreads.com/book/show/5083959-catching-the-wolf-of-wall-street?from_search=true&from_srp=true&qid=iZdhfBwvzJ&rank=1,3.89,3882.0
290,https://www.goodreads.com/book/show/54112488-this-one-wild-and-precious-life?from_search=true&from_srp=true&qid=5e1so8snSg&rank=1,3.91,1801.0
292,https://www.goodreads.com/book/show/48616859-the-other-side-of-the-coin?from_search=true&from_srp=true&qid=la0UAU2Byh&rank=2,3.73,2661.0
293,https://www.goodreads.com/book/show/87632.Ultramarathon_Man?from_search=true&from_srp=true&qid=dBRxuMcOST&rank=1,3.99,17784.0
294,https://www.goodreads.com/book/show/51196840-barry-sonnenfeld-call-your-mother?from_search=true&from_srp=true&qid=FQHFgunjdG&rank=1,3.97,841.0
295,https://www.goodreads.com/book/show/52035052-notes-from-the-bathroom-line?from_search=true&from_srp=true&qid=2s5IGkOZ9o&rank=1,3.68,307.0
296,https://www.goodreads.com/book/show/42815538-i-like-to-watch?from_search=true&from_srp=true&qid=bgnSeqFyn2&rank=1,3.99,5158.0
297,https://www.goodreads.com/book/show/37868562-when-death-becomes-life?from_search=true&from_srp=true&qid=cPdQImMn1a&rank=1,4.22,2092.0
299,https://www.goodreads.com/book/show/20763926-agent-storm?from_search=true&from_srp=true&qid=HT15cH7n63&rank=1,3.99,1634.0
300,https://www.goodreads.com/book/show/43885039-the-last-stand-of-payne-stewart?from_search=true&from_srp=true&qid=J7BmNcqFuj&rank=1,4.25,188.0
301,https://www.goodreads.com/book/show/6462.His_Excellency?from_search=true&from_srp=true&qid=PzyiHwKdv6&rank=1,3.91,40457.0
302,https://www.goodreads.com/book/show/44287250-becoming-eve?from_search=true&from_srp=true&qid=mBdZLpKmVN&rank=1,4.09,1672.0
303,https://www.goodreads.com/book/show/43822076-good-husbandry?from_search=true&from_srp=true&qid=qUSTG0I7Gk&rank=1,4.25,1098.0
304,https://www.goodreads.com/book/show/45999776-gay-like-me?from_search=true&from_srp=true&qid=LPCo1ehhtq&rank=1,3.96,562.0
306,https://www.goodreads.com/book/show/55574506-the-good-girls?from_search=true&from_srp=true&qid=LpXOHFjqHF&rank=1,3.85,996.0
307,https://www.goodreads.com/book/show/42590641-hungry?from_search=true&from_srp=true&qid=Ev86G98Sl0&rank=1,3.64,1596.0
308,https://www.goodreads.com/book/show/28925620-strangers-tend-to-tell-me-things?from_search=true&from_srp=true&qid=fWk9RyAzfP&rank=1,3.8,1873.0
310,https://www.goodreads.com/book/show/51335206-little-miss-little-compton?from_search=true&from_srp=true&qid=51grKZCWVj&rank=1,4.14,333.0
311,https://www.goodreads.com/book/show/52019031-notes-from-an-apocalypse?from_search=true&from_srp=true&qid=jh4tfIrwMV&rank=1,3.75,1864.0
313,https://www.goodreads.com/book/show/51475373-raceless?from_search=true&from_srp=true&qid=5kWa41v0mN&rank=1,4.18,505.0
314,https://www.goodreads.com/book/show/51205617-tanking-to-the-top?from_search=true&from_srp=true&qid=oSegafFY66&rank=1,4.16,713.0
315,https://www.goodreads.com/book/show/51774149-fire-cannot-kill-a-dragon?from_search=true&from_srp=true&qid=VZ5UwpFkJJ&rank=1,4.07,891.0
316,https://www.goodreads.com/book/show/53487125-confident-women?from_search=true&from_srp=true&qid=9L90P282EI&rank=1,3.75,1341.0
317,https://www.goodreads.com/book/show/43821589-mobituaries?from_search=true&from_srp=true&qid=5FzEdwOA0m&rank=1,4.07,4889.0
318,https://www.goodreads.com/book/show/52668915-entangled-life?from_search=true&from_srp=true&qid=eYBRcu65Jp&rank=2,4.39,8239.0
319,https://www.goodreads.com/book/show/32998876-101-essays-that-will-change-the-way-you-think?from_search=true&from_srp=true&qid=X6QIak0Dmi&rank=1,3.94,3214.0
320,https://www.goodreads.com/book/show/9850339-the-storm-of-war?from_search=true&from_srp=true&qid=tLznc30biA&rank=1,4.16,3616.0
321,https://www.goodreads.com/book/show/19661852-fluent-forever?from_search=true&from_srp=true&qid=akiKxUXLFr&rank=1,4.08,9112.0
322,https://www.goodreads.com/book/show/50998056-the-ministry-for-the-future?from_search=true&from_srp=true&qid=ZCWJwckOVS&rank=1,3.9,7209.0
323,https://www.goodreads.com/book/show/224379.Gulag?from_search=true&from_srp=true&qid=pDbvf9DVzp&rank=1,4.25,9438.0
324,https://www.goodreads.com/book/show/44428950-that-will-never-work?from_search=true&from_srp=true&qid=zuwUABrRo5&rank=1,4.22,9205.0
325,https://www.goodreads.com/book/show/36130592-the-physics-of-god?from_search=true&from_srp=true&qid=aEX7e5jJY1&rank=1,4.18,282.0
327,https://www.goodreads.com/book/show/43834684-running-with-sherman?from_search=true&from_srp=true&qid=dOlLZ1Pzu6&rank=1,4.28,6506.0
328,https://www.goodreads.com/book/show/49358915-exercised?from_search=true&from_srp=true&qid=8FeyHHS0oX&rank=2,4.17,2530.0
329,https://www.goodreads.com/book/show/8536070-the-rise-and-fall-of-ancient-egypt?from_search=true&from_srp=true&qid=Pqb23RNCk7&rank=1,4.1,3433.0
331,https://www.goodreads.com/book/show/40385517-fake?from_search=true&from_srp=true&qid=V27hHg2QHS&rank=1,3.77,781.0
332,https://www.goodreads.com/book/show/52654711-a-knock-at-midnight?from_search=true&from_srp=true&qid=XgSUjLjoYV&rank=1,4.62,3150.0
334,https://www.goodreads.com/book/show/40718249-dark-alliance?from_search=true&from_srp=true&qid=KeWRtzzAAS&rank=1,4.27,1421.0
335,https://www.goodreads.com/book/show/54738186-the-world-of-critical-role?from_search=true&from_srp=true&qid=jalTK9qipD&rank=1,4.55,1045.0
336,https://www.goodreads.com/book/show/52623753-american-serial-killers?from_search=true&from_srp=true&qid=EgIn6dsI0f&rank=1,3.91,347.0
337,https://www.goodreads.com/book/show/83518.The_Singularity_is_Near?from_search=true&from_srp=true&qid=Ola7tSvEET&rank=1,3.93,10362.0
338,https://www.goodreads.com/book/show/2632830-the-pixar-touch?from_search=true&from_srp=true&qid=NK8K2uLlD6&rank=1,3.95,8964.0
339,https://www.goodreads.com/book/show/7168870-black-hearts?from_search=true&from_srp=true&qid=mKKBNOR85s&rank=1,4.28,2967.0
340,https://www.goodreads.com/book/show/36484703-prediction-machines?from_search=true&from_srp=true&qid=MwXoQSUIZc&rank=1,3.9,2480.0
343,https://www.goodreads.com/book/show/51216215-the-unidentified?from_search=true&from_srp=true&qid=i6KdFnKq9k&rank=1,3.67,875.0
344,https://www.goodreads.com/book/show/45038733-i-am-c-3po?from_search=true&from_srp=true&qid=xrWZp3kuLa&rank=1,3.89,2507.0
345,https://www.goodreads.com/book/show/4005310-why-evolution-is-true?from_search=true&from_srp=true&qid=ZjZMYGIR2Y&rank=1,4.18,22371.0
346,https://www.goodreads.com/book/show/665.The_Virtue_of_Selfishness?from_search=true&from_srp=true&qid=3w5cEuW39V&rank=3,3.52,13087.0
347,https://www.goodreads.com/book/show/17986421-the-new-new-thing?from_search=true&from_srp=true&qid=H529U5GVar&rank=1,3.75,8337.0
348,https://www.goodreads.com/book/show/54304160-wonderworks?from_search=true&from_srp=true&qid=bIaMSBsrPD&rank=1,4.03,204.0
349,https://www.goodreads.com/book/show/28696604-words-on-the-move?from_search=true&from_srp=true&qid=TedpFyX9bC&rank=1,4.15,1436.0
350,https://www.goodreads.com/book/show/7841672-for-the-love-of-physics?from_search=true&from_srp=true&qid=TJBSD9nDDP&rank=1,4.25,3255.0
351,https://www.goodreads.com/book/show/38748983-the-great-delusion?from_search=true&from_srp=true&qid=m1QSWG02oG&rank=1,4.03,347.0
352,https://www.goodreads.com/book/show/48822623-ingredients?from_search=true&from_srp=true&qid=kymup4yUq1&rank=1,3.73,742.0
353,https://www.goodreads.com/book/show/45557152-country-music?from_search=true&from_srp=true&qid=PlqlRkyy1i&rank=1,4.46,217.0
354,https://www.goodreads.com/book/show/49397448-betrayal-in-berlin?from_search=true&from_srp=true&qid=odddzNUpdj&rank=1,4.3,483.0
355,https://www.goodreads.com/book/show/52508868-who-ate-the-first-oyster?from_search=true&from_srp=true&qid=Y6Cod6D2OJ&rank=1,3.89,750.0
357,https://www.goodreads.com/book/show/44287149-the-great-pretender?from_search=true&from_srp=true&qid=2sEANiDYs9&rank=1,3.63,8860.0
358,https://www.goodreads.com/book/show/53086148-the-book-of-gutsy-women?from_search=true&from_srp=true&qid=puwEVY31ds&rank=1,4.14,3919.0
360,https://www.goodreads.com/book/show/546725.The_Song_of_the_Dodo?from_search=true&from_srp=true&qid=DMZMC3kr1Q&rank=2,4.27,7753.0
362,https://www.goodreads.com/book/show/51938590-the-book-of-eels?from_search=true&from_srp=true&qid=dmFq2awSOF&rank=1,3.94,8783.0
363,https://www.goodreads.com/book/show/45730911-a-game-of-birds-and-wolves?from_search=true&from_srp=true&qid=5L9jjExC9n&rank=1,3.83,1066.0
364,https://www.goodreads.com/book/show/43747492-the-ghosts-of-eden-park?from_search=true&from_srp=true&qid=ZBI5i36mQW&rank=1,3.71,4260.0
365,https://www.goodreads.com/book/show/41552367-eat-like-a-fish?from_search=true&from_srp=true&qid=SOf4wmUMop&rank=1,4.4,673.0
366,https://www.goodreads.com/book/show/44286534-you-look-like-a-thing-and-i-love-you?from_search=true&from_srp=true&qid=swy5qOMYiM&rank=1,4.19,2277.0
367,https://www.goodreads.com/book/show/23846387-isis?from_search=true&from_srp=true&qid=baAigTEseZ&rank=3,3.68,2450.0
368,https://www.goodreads.com/book/show/52768414-stranger-in-the-shogun-s-city?from_search=true&from_srp=true&qid=2mR4QJk4oc&rank=1,3.73,824.0
369,https://www.goodreads.com/book/show/49203415-we-have-been-harmonized?from_search=true&from_srp=true&qid=jLvnAFhC45&rank=1,4.23,1556.0
370,https://www.goodreads.com/book/show/44157727-great-goddesses?from_search=true&from_srp=true&qid=GHXHf5M4OP&rank=1,4.18,4471.0
371,https://www.goodreads.com/book/show/25238350-the-hunt-for-vulcan?from_search=true&from_srp=true&qid=78lcgX6pCq&rank=1,4.04,1759.0
372,https://www.goodreads.com/book/show/35167682-a-colony-in-a-nation?from_search=true&from_srp=true&qid=3ChkNGvdIQ&rank=1,4.2,5906.0
373,https://www.goodreads.com/book/show/30841952-the-inner-life-of-cats?from_search=true&from_srp=true&qid=95kvZhYg3U&rank=1,3.7,662.0
374,https://www.goodreads.com/book/show/41882632-the-ice-at-the-end-of-the-world?from_search=true&from_srp=true&qid=b8eTLJMsEh&rank=1,4.16,737.0
375,https://www.goodreads.com/book/show/49480882-bubble-in-the-sun?from_search=true&from_srp=true&qid=e46BbDBNoy&rank=1,3.99,595.0
376,https://www.goodreads.com/book/show/43811202-big-sister-little-sister-red-sister?from_search=true&from_srp=true&qid=HvGZGlFpqZ&rank=1,3.88,1987.0
377,https://www.goodreads.com/book/show/40641080-the-buried?from_search=true&from_srp=true&qid=iX1kBcUtIN&rank=1,4.35,1703.0
378,https://www.goodreads.com/book/show/48929864-win-at-all-costs?from_search=true&from_srp=true&qid=s6quSpuLA2&rank=1,4.21,481.0
379,https://www.goodreads.com/book/show/48812273-the-making-of-a-miracle?from_search=true&from_srp=true&qid=0YLpH98qNn&rank=1,4.37,489.0
380,https://www.goodreads.com/book/show/50751225-the-sirens-of-mars?from_search=true&from_srp=true&qid=qHIefXi56p&rank=1,3.95,790.0
381,https://www.goodreads.com/book/show/43492058-the-girls?from_search=true&from_srp=true&qid=Iv224c9pQS&rank=1,4.14,1188.0
382,https://www.goodreads.com/book/show/50347444-oceanology?from_search=true&from_srp=true&qid=IH0FzDiKLc&rank=1,4.35,34.0
383,https://www.goodreads.com/book/show/49610030-swing-kings?from_search=true&from_srp=true&qid=kGEDj2518M&rank=1,4.13,413.0
384,https://www.goodreads.com/book/show/44000371-how-to-think-like-a-fish?from_search=true&from_srp=true&qid=1bLRrocuMG&rank=1,4.13,184.0
385,https://www.goodreads.com/book/show/44525300-one-day?from_search=true&from_srp=true&qid=HFhXSvOuzj&rank=1,3.95,2475.0
386,https://www.goodreads.com/book/show/33517784-two-truths-and-a-lie?from_search=true&from_srp=true&qid=VRzrHI1tQW&rank=1,3.64,598.0
387,https://www.goodreads.com/book/show/6319.The_BFG?from_search=true&from_srp=true&qid=OAvvTYUtR8&rank=7,4.2,414659.0
388,https://www.goodreads.com/book/show/42101723-doctor-dolittle?from_search=true&from_srp=true&qid=68Tn67Vc7E&rank=1,4.13,118.0
389,https://www.goodreads.com/book/show/12505.The_Idiot?from_search=true&from_srp=true&qid=bRhGo0Nw1T&rank=1,4.18,146714.0
393,https://www.goodreads.com/book/show/22718727-book-scavenger?from_search=true&from_srp=true&qid=l4DFacOUVs&rank=1,4.17,12694.0
395,https://www.goodreads.com/book/show/50497265-the-fourth-suit?from_search=true&from_srp=true&qid=IoaRd5Qw2E&rank=1,4.31,887.0
396,https://www.goodreads.com/book/show/12505.The_Idiot?from_search=true&from_srp=true&qid=bRhGo0Nw1T&rank=1,4.18,146714.0
397,https://www.goodreads.com/book/show/12505.The_Idiot?from_search=true&from_srp=true&qid=bRhGo0Nw1T&rank=1,4.18,146714.0
398,https://www.goodreads.com/book/show/12505.The_Idiot?from_search=true&from_srp=true&qid=bRhGo0Nw1T&rank=1,4.18,146714.0
399,https://www.goodreads.com/book/show/10127008-self-compassion?from_search=true&from_srp=true&qid=4glTSL7ReL&rank=2,4.11,13920.0
400,https://www.goodreads.com/book/show/15794260-the-wealth-choice?from_search=true&from_srp=true&qid=RoDNGZJq5U&rank=1,4.37,355.0
401,https://www.goodreads.com/book/show/28504553-food-freedom-forever?from_search=true&from_srp=true&qid=vmSWhnjudW&rank=1,3.87,3870.0
402,https://www.goodreads.com/book/show/52623750-wintering?from_search=true&from_srp=true&qid=yeSQG4DLfQ&rank=1,3.9,14659.0
403,https://www.goodreads.com/book/show/12609.The_Spirit_Catches_You_and_You_Fall_Down?from_search=true&from_srp=true&qid=9SkuBaqbaY&rank=3,4.16,75467.0
404,https://www.goodreads.com/book/show/39295912-blowing-the-bloody-doors-off?from_search=true&from_srp=true&qid=0iXNRN19bQ&rank=1,3.87,2669.0
405,https://www.goodreads.com/book/show/40538823-the-rational-bible?from_search=true&from_srp=true&qid=4eVaYleT0W&rank=1,4.64,495.0
406,https://www.goodreads.com/book/show/378144.How_to_Break_Your_Addiction_to_a_Person?from_search=true&from_srp=true&qid=cZ0IHS5hXj&rank=1,3.93,426.0
407,https://www.goodreads.com/book/show/40603783-the-defining-decade?from_search=true&from_srp=true&qid=9sYz5jp0mv&rank=1,4.11,43442.0
410,https://www.goodreads.com/book/show/80318.Speak_Like_Churchill_Stand_Like_Lincoln?from_search=true&from_srp=true&qid=MH4qn0qOMO&rank=1,3.9,1471.0
412,https://www.goodreads.com/book/show/2423424.The_Art_of_Strategy?from_search=true&from_srp=true&qid=HpeMVEZuEz&rank=1,3.83,3258.0
413,https://www.goodreads.com/book/show/45032310-how-we-show-up?from_search=true&from_srp=true&qid=DqFuY4mRmW&rank=1,4.33,831.0
414,https://www.goodreads.com/book/show/18775392-never-go-back?from_search=true&from_srp=true&qid=KHQbsQ3j5Z&rank=1,4.24,668.0
415,https://www.goodreads.com/book/show/11225698-the-5-levels-of-leadership?from_search=true&from_srp=true&qid=BpgpKfXwqP&rank=1,4.29,4879.0
417,https://www.goodreads.com/book/show/31054.For_the_Love_of_a_Dog?from_search=true&from_srp=true&qid=OIRG0O1gcs&rank=1,4.34,2731.0
418,https://www.goodreads.com/book/show/39703605-the-urban-monk-inner-stillness-training-program?from_search=true&from_srp=true&qid=qDHqugIkS1&rank=2,4.5,2.0
419,https://www.goodreads.com/book/show/54109219-remote-work-revolution?from_search=true&from_srp=true&qid=e1eBheST87&rank=1,3.51,154.0
420,https://www.goodreads.com/book/show/35297359-how-to-get-sh-t-done?from_search=true&from_srp=true&qid=4NPPvxrniz&rank=1,3.4,895.0
421,https://www.goodreads.com/book/show/13590581-the-great-cholesterol-myth?from_search=true&from_srp=true&qid=iI5KP2qcxR&rank=1,4.28,1605.0
422,https://www.goodreads.com/book/show/39873373-speak-with-impact?from_search=true&from_srp=true&qid=Bty9Vyn2ln&rank=1,4.15,100.0
423,https://www.goodreads.com/book/show/45031890-stop-missing-your-life?from_search=true&from_srp=true&qid=5bUzxaxB59&rank=1,4.3,434.0
424,https://www.goodreads.com/book/show/34964841-unf-ckology?from_search=true&from_srp=true&qid=dE7eNpU4kx&rank=1,3.53,318.0
426,https://www.goodreads.com/book/show/53021563-the-book-of-moods?from_search=true&from_srp=true&qid=ynlUVr7mxu&rank=1,3.85,1640.0
427,https://www.goodreads.com/book/show/95656.The_Ten_Faces_of_Innovation?from_search=true&from_srp=true&qid=S00NXu44Cc&rank=1,3.99,4431.0
429,https://www.goodreads.com/book/show/55271518-your-fully-charged-life?from_search=true&from_srp=true&qid=mI5jyhoDOq&rank=1,3.88,197.0
430,https://www.goodreads.com/book/show/44780556-the-joy-of-movement?from_search=true&from_srp=true&qid=Bn1DAn9Csv&rank=1,3.92,1489.0
431,https://www.goodreads.com/book/show/24615920-level-up-your-life?from_search=true&from_srp=true&qid=eOo7DVirYX&rank=1,4.07,2247.0
434,https://www.goodreads.com/book/show/52580350-the-rumi-prescription?from_search=true&from_srp=true&qid=V3O0hIBD7t&rank=1,4.33,247.0
435,https://www.goodreads.com/book/show/54427164-huddle?from_search=true&from_srp=true&qid=KzdD4K1YCu&rank=1,4.2,208.0
436,https://www.goodreads.com/book/show/44140367-a-pilgrimage-to-eternity?from_search=true&from_srp=true&qid=cUpRQHRzTp&rank=1,4.12,2461.0
437,https://www.goodreads.com/book/show/10723227-the-nerdist-way?from_search=true&from_srp=true&qid=PVJEJf3ILV&rank=1,3.65,6100.0
438,https://www.goodreads.com/book/show/44143619-dreams?from_search=true&from_srp=true&qid=HkfEIx8NIR&rank=1,2.62,52.0
439,https://www.goodreads.com/book/show/51197947-dress-your-best-life?from_search=true&from_srp=true&qid=SvtaUDUyH3&rank=1,3.78,124.0
440,https://www.goodreads.com/book/show/50999390-after-the-rain?from_search=true&from_srp=true&qid=Awu5GjywWI&rank=1,4.34,1008.0
441,https://www.goodreads.com/book/show/54499068-your-time-to-thrive?from_search=true&from_srp=true&qid=P7uuhXQSu9&rank=1,3.67,266.0
442,https://www.goodreads.com/book/show/53241562-work-won-t-love-you-back?from_search=true&from_srp=true&qid=te0oToCmGt&rank=1,3.99,1107.0
443,https://www.goodreads.com/book/show/51338489-weird?from_search=true&from_srp=true&qid=xzRhKUJgL9&rank=1,3.59,665.0
444,https://www.goodreads.com/book/show/34460565-a-simplified-life?from_search=true&from_srp=true&qid=nn2EetSpPm&rank=1,3.93,4302.0
445,https://www.goodreads.com/book/show/53911856-this-just-speaks-to-me?from_search=true&from_srp=true&qid=7mnHt1cnnV&rank=1,4.05,447.0
446,https://www.goodreads.com/book/show/52676773-unwind-your-mind?from_search=true&from_srp=true&qid=NoZbkh2m5U&rank=1,3.93,204.0
447,https://www.goodreads.com/book/show/43522581-never-settle?from_search=true&from_srp=true&qid=s5Q6RtSTGx&rank=2,4.45,354.0
448,https://www.goodreads.com/book/show/43671670-fashionopolis?from_search=true&from_srp=true&qid=r12z9X3Nlc&rank=1,4.0,1956.0
449,https://www.goodreads.com/book/show/42779084-on-the-clock?from_search=true&from_srp=true&qid=aEtaEcbqJx&rank=1,4.29,1781.0
450,https://www.goodreads.com/book/show/44028643-sailing-true-north?from_search=true&from_srp=true&qid=PGUkL8UBK8&rank=1,4.11,536.0
451,https://www.goodreads.com/book/show/41882450-the-fate-of-food?from_search=true&from_srp=true&qid=ewWZtZ3cmk&rank=1,4.16,1202.0
452,https://www.goodreads.com/book/show/25194232-happiness-the-mindful-way?from_search=true&from_srp=true&qid=ME3D1iKHK3&rank=1,4.02,254.0
453,https://www.goodreads.com/book/show/38650666-forest-therapy?from_search=true&from_srp=true&qid=mP9cUgnz0X&rank=1,3.35,404.0
454,https://www.goodreads.com/book/show/42584180-how-to-make-a-plant-love-you?from_search=true&from_srp=true&qid=G1xE0WoEFN&rank=1,3.56,663.0
455,https://www.goodreads.com/book/show/36204960-a-unicorn-in-a-world-of-donkeys?from_search=true&from_srp=true&qid=aBh1QfXyCY&rank=1,3.69,182.0
